"","x"
"generat",1516
"use",766
"intellig",543
"model",539
"chatgpt",536
"artifici",510
"technolog",422
"articl",394
"tool",340
"potenti",324
"includ",299
"develop",293
"data",282
"discuss",258
"research",253
"design",243
"studi",242
"educ",234
"learn",229
"new",224
"inform",219
"also",219
"human",215
"report",215
"languag",212
"imag",208
"will",208
"provid",204
"focus",197
"content",189
"compani",189
"respons",188
"system",186
"applic",183
"work",182
"challeng",171
"larg",170
"creat",166
"process",162
"need",161
"impact",160
"product",156
"like",155
"topic",146
"integr",144
"train",143
"highlight",143
"improv",143
"student",139
"user",139
"•",137
"explor",134
"microsoft",134
"genai",133
"chatbot",133
"concern",130
"offer",129
"text",127
"result",127
"signific",126
"gpt",126
"approach",124
"googl",124
"question",124
"transform",124
"perform",122
"experi",119
"openai",116
"present",115
"propos",114
"effect",114
"base",113
"capabl",113
"llms",113
"differ",112
"howev",111
"futur",111
"task",111
"paper",110
"import",110
"advanc",109
"ethic",107
"review",104
"creativ",103
"assist",103
"field",102
"evalu",102
"increas",102
"may",100
"platform",100
"address",97
"various",97
"method",97
"specif",97
"adopt",97
"make",95
"two",94
"author",94
"accuraci",94
"understand",93
"case",92
"structur",92
"featur",91
"practic",88
"aigener",88
"network",88
"industri",88
"clinic",88
"current",88
"custom",88
"issu",87
"help",87
"effici",87
"limit",87
"risk",86
"aim",86
"digit",85
"compar",84
"time",84
"servic",84
"role",82
"busi",82
"autom",81
"write",81
"access",80
"manag",80
"suggest",79
"assess",79
"enhanc",79
"engin",78
"identifi",78
"algorithm",78
"recent",78
"qualiti",77
"call",77
"market",77
"relat",75
"particular",75
"level",75
"similar",75
"comput",74
"implic",74
"prompt",74
"regul",73
"machin",73
"innov",73
"organ",73
"radiolog",73
"demonstr",72
"public",72
"analysi",71
"natur",71
"requir",70
"deep",70
"emphas",70
"first",69
"interact",69
"year",69
"benefit",68
"show",68
"find",68
"softwar",67
"well",67
"high",67
"consid",67
"health",67
"search",67
"set",66
"predict",66
"emerg",66
"academ",66
"convers",66
"context",64
"art",64
"bias",64
"rapid",64
"power",64
"medic",64
"within",63
"plan",63
"recommend",63
"mani",62
"optim",62
"util",62
"copilot",62
"world",61
"support",61
"addit",61
"framework",61
"associ",59
"allow",59
"chang",59
"patient",59
"appl",59
"measur",58
"copyright",57
"detect",57
"produc",57
"avail",57
"communic",57
"build",57
"examin",56
"implement",56
"social",56
"ensur",55
"solut",55
"general",54
"answer",54
"test",54
"complex",54
"three",54
"news",54
"knowledg",54
"across",53
"legal",53
"expert",53
"global",53
"becom",52
"job",52
"score",52
"publish",52
"summari",52
"govern",51
"possibl",51
"univers",51
"rais",51
"skill",51
"reader",51
"problem",50
"word",50
"drug",50
"target",50
"polici",50
"regard",50
"posit",50
"bard",50
"secur",50
"app",50
"collabor",49
"profession",49
"abil",49
"mean",49
"function",48
"enabl",48
"achiev",48
"activ",48
"grow",48
"expect",47
"adversari",47
"among",47
"investig",47
"area",47
"exist",46
"lead",46
"type",46
"person",46
"opportun",46
"take",46
"pretrain",46
"due",45
"higher",45
"whether",45
"lack",45
"interest",45
"critic",45
"standard",45
"cloud",45
"architectur",45
"exampl",44
"found",44
"introduc",44
"involv",44
"face",44
"success",44
"employe",44
"novel",43
"scientif",43
"enterpris",43
"now",42
"scienc",42
"teach",42
"without",42
"onlin",42
"resourc",42
"techniqu",42
"key",42
"launch",42
"chat",42
"rate",42
"previous",41
"reduc",41
"concept",41
"code",41
"sourc",41
"continu",41
"journal",41
"scholar",41
"major",41
"term",41
"gan",41
"video",41
"leader",41
"part",40
"scenario",40
"engag",40
"releas",40
"simul",40
"better",40
"music",39
"survey",39
"influenc",39
"care",39
"law",38
"output",38
"object",38
"sever",38
"complet",38
"cognit",38
"replac",38
"deploy",38
"open",38
"program",38
"valid",37
"creation",37
"valu",37
"might",37
"media",37
"effort",37
"attent",37
"think",37
"announc",37
"select",37
"readabl",37
"perspect",36
"individu",36
"appli",36
"purpos",36
"materi",36
"particip",36
"combin",36
"factor",36
"insight",36
"must",36
"gain",36
"strategi",36
"popular",36
"privaci",36
"literaci",36
"establish",35
"final",35
"conduct",35
"essenti",35
"project",35
"aspect",35
"group",35
"peopl",35
"tech",35
"dataset",35
"meet",35
"read",35
"italicpital",35
"main",34
"visual",34
"still",34
"evolv",34
"domain",34
"healthcar",34
"initi",34
"relationship",34
"essay",34
"startup",34
"accord",34
"harm",34
"perceiv",33
"rang",33
"firm",33
"toward",33
"invest",33
"facilit",33
"form",33
"analyz",33
"trend",33
"pose",32
"societi",32
"origin",32
"consider",32
"divers",32
"even",32
"reliabl",32
"come",32
"sinc",32
"librari",32
"worker",32
"view",32
"often",31
"account",31
"neural",31
"decis",31
"best",31
"common",31
"tradit",31
"accur",31
"contribut",31
"direct",31
"number",31
"oper",31
"alreadi",31
"vision",31
"team",31
"uniqu",30
"order",30
"sequenc",30
"discoveri",30
"augment",30
"indic",30
"institut",30
"artist",30
"act",30
"promot",30
"llm",30
"progress",29
"reflect",29
"consist",29
"guidelin",29
"refer",29
"–",29
"revolution",29
"stage",29
"shape",29
"landscap",29
"argu",29
"cost",29
"given",29
"said",29
"mention",29
"reveal",28
"reli",28
"relev",28
"transpar",28
"repres",28
"input",28
"ask",28
"leverag",28
"pem",28
"liabil",27
"editor",27
"remain",27
"made",27
"peer",27
"state",27
"comprehens",27
"incorpor",27
"theori",27
"demand",27
"qualit",27
"grade",27
"internet",26
"respond",26
"right",26
"diffus",26
"conclud",26
"teacher",26
"via",26
"collect",26
"reason",26
"threat",26
"medicin",26
"known",26
"advantag",26
"look",26
"note",26
"express",25
"safeti",25
"illustr",25
"idea",25
"follow",25
"four",25
"play",25
"reconstruct",25
"scale",25
"around",25
"dynam",25
"share",25
"real",25
"promis",25
"econom",25
"classif",25
"protect",24
"descript",24
"agent",24
"goal",24
"abl",24
"synthet",24
"wide",24
"expand",24
"obtain",24
"behavior",24
"draw",24
"connect",24
"explain",24
"workflow",24
"rise",24
"document",24
"diagnosi",24
"diseas",24
"employ",24
"past",24
"version",24
"extract",24
"analyt",24
"point",24
"adapt",24
"sustain",24
"top",24
"difficult",24
"correct",24
"learner",24
"radiologistgener",24
"condit",23
"start",23
"aibas",23
"especi",23
"accept",23
"decisionmak",23
"map",23
"awar",23
"intern",23
"construct",23
"guid",23
"sampl",23
"statist",23
"sector",23
"pattern",23
"detail",23
"control",23
"cultur",23
"shift",23
"today",23
"billion",23
"core",23
"protein",23
"dall",23
"rule",22
"misinform",22
"overal",22
"communiti",22
"extend",22
"foundat",22
"amount",22
"databas",22
"methodolog",22
"china",22
"competit",22
"index",22
"offic",22
"seem",22
"environ",22
"move",22
"ceo",22
"letter",22
"properti",21
"second",21
"metric",21
"space",21
"conclus",21
"aipow",21
"evid",21
"outcom",21
"interfac",21
"clear",21
"yet",21
"surround",21
"introduct",21
"opinion",21
"mechan",21
"instruct",21
"captur",21
"represent",21
"certain",21
"local",21
"age",21
"summar",21
"revenu",21
"safe",21
"literatur",20
"nurs",20
"observ",20
"error",20
"physic",20
"variabl",20
"despit",20
"averag",20
"thus",20
"voic",20
"devic",20
"reach",20
"earli",20
"compon",20
"dialogu",20
"principl",19
"describ",19
"experiment",19
"molecul",19
"molecular",19
"affect",19
"statement",19
"appropri",19
"exhibit",19
"determin",19
"categori",19
"consum",19
"formul",19
"great",19
"align",19
"record",19
"next",19
"written",19
"less",19
"step",19
"email",19
"execut",19
"patent",19
"characterist",19
"abstract",18
"plagiar",18
"acceler",18
"cover",18
"defin",18
"consult",18
"rather",18
"diagnost",18
"greater",18
"event",18
"navig",18
"debat",18
"semant",18
"prepar",18
"interpret",18
"total",18
"get",18
"amazon",18
"action",18
"automat",18
"match",18
"advent",18
"basic",17
"eas",17
"fundament",17
"led",17
"taken",17
"systemat",17
"caus",17
"list",17
"creator",17
"compound",17
"therefor",17
"foster",17
"region",17
"extens",17
"percept",17
"era",17
"ongo",17
"varieti",17
"add",17
"recognit",17
"fake",17
"polit",17
"independ",17
"other",17
"environment",17
"conscious",17
"life",17
"treatment",17
"acknowledg",17
"respect",17
"food",17
"aidriven",17
"confus",17
"updat",17
"adob",17
"suit",17
"claim",17
"fulli",17
"zoom",17
"school",17
"beyond",17
"warn",17
"quantit",17
"fabric",17
"name",16
"necessari",16
"charact",16
"fair",16
"much",16
"nation",16
"bing",16
"die",16
"maintain",16
"countri",16
"crucial",16
"guidanc",16
"usag",16
"ecosystem",16
"queri",16
"deliv",16
"attitud",16
"retriev",16
"microstructur",16
"solv",16
"democrat",16
"element",16
"big",16
"humanlik",16
"center",16
"vendor",16
"draft",16
"streamlin",16
"distinct",16
"sale",16
"singl",16
"meta",16
"agenc",16
"run",16
"domin",16
"slack",16
"layout",16
"hous",16
"concis",16
"genom",16
"although",15
"midjourney",15
"feasibl",15
"primari",15
"editori",15
"month",15
"biolog",15
"capac",15
"count",15
"feedback",15
"receiv",15
"librarian",15
"disrupt",15
"consequ",15
"see",15
"trust",15
"believ",15
"forward",15
"kind",15
"recogn",15
"multipl",15
"quick",15
"disinform",15
"loss",15
"technic",15
"agreement",15
"diagnos",15
"altern",15
"prevent",15
"option",15
"growth",15
"talk",15
"anoth",15
"live",15
"style",15
"interview",15
"gather",15
"brain",15
"scientist",15
"end",15
"cite",15
"identif",15
"preserv",15
"intellectu",14
"book",14
"analys",14
"entir",14
"intend",14
"small",14
"contain",14
"compet",14
"know",14
"attribut",14
"excit",14
"random",14
"intent",14
"strateg",14
"avoid",14
"negat",14
"novemb",14
"anim",14
"actual",14
"partner",14
"gender",14
"just",14
"virtual",14
"physician",14
"classroom",14
"good",14
"outlin",14
"edit",14
"broad",14
"unit",14
"cybersecur",14
"five",14
"energi",14
"format",14
"attempt",14
"discov",14
"week",14
"seek",14
"third",14
"handl",14
"depart",14
"unveil",14
"distribut",14
"web",14
"box",14
"deepfak",14
"fewer",14
"lawsuit",13
"far",13
"full",13
"advertis",13
"convent",13
"driven",13
"partnership",13
"last",13
"outperform",13
"aid",13
"caution",13
"give",13
"emot",13
"entrepreneur",13
"histori",13
"furthermor",13
"valuabl",13
"wider",13
"character",13
"etc",13
"game",13
"hybrid",13
"want",13
"manufactur",13
"synthesi",13
"translat",13
"deal",13
"behind",13
"latest",13
"moreov",13
"disclosur",13
"special",13
"put",13
"multimod",13
"anticip",13
"price",13
"long",13
"practition",13
"locat",13
"boost",13
"low",13
"chief",13
"confer",13
"chip",13
"fund",13
"cours",13
"forc",13
"free",13
"window",13
"enter",13
"subject",13
"european",13
"keep",13
"scene",13
"favor",13
"segment",13
"strong",13
"modular",13
"latent",12
"link",12
"size",12
"definit",12
"evolut",12
"synthes",12
"subsequ",12
"ground",12
"nuanc",12
"mathemat",12
"craft",12
"moder",12
"bioethic",12
"sign",12
"assign",12
"audio",12
"class",12
"near",12
"notabl",12
"misus",12
"robust",12
"realiti",12
"overview",12
"shown",12
"background",12
"sensit",12
"hallucin",12
"massiv",12
"refin",12
"tri",12
"graphic",12
"conceptu",12
"gai",12
"incorrect",12
"balanc",12
"comparison",12
"graph",12
"remark",12
"workplac",12
"financi",12
"professor",12
"bring",12
"everi",12
"citi",12
"roll",12
"danger",12
"classifi",12
"realiz",12
"artifact",12
"label",12
"cscs",12
"gemini",12
"autoregress",12
"layperson",12
"th–th",12
"reportsitalicitalic•",12
"seen",11
"infring",11
"situat",11
"though",11
"authent",11
"fail",11
"priorit",11
"approxim",11
"commerci",11
"instanc",11
"trustworthi",11
"underscor",11
"encourag",11
"strength",11
"desir",11
"display",11
"minor",11
"six",11
"privat",11
"discours",11
"least",11
"numer",11
"short",11
"theoret",11
"togeth",11
"metavers",11
"calcul",11
"epistem",11
"iter",11
"contrast",11
"widespread",11
"profess",11
"cancer",11
"prior",11
"fals",11
"alter",11
"exposur",11
"stakehold",11
"corpor",11
"protocol",11
"exam",11
"brand",11
"elimin",11
"place",11
"day",11
"intervent",11
"aggreg",11
"maker",11
"correl",11
"embrac",11
"economi",11
"distinguish",11
"motiv",11
"central",11
"serv",11
"difficulti",11
"scaffold",11
"lor",11
"compact",11
"stabl",10
"texttoimag",10
"broader",10
"constraint",10
"stateoftheart",10
"und",10
"manuscript",10
"chemic",10
"filter",10
"faster",10
"inaccur",10
"excel",10
"administr",10
"actor",10
"empir",10
"phase",10
"authorship",10
"instead",10
"composit",10
"lower",10
"urgent",10
"proper",10
"trial",10
"anonym",10
"surgic",10
"meaning",10
"disciplin",10
"nvidia",10
"violat",10
"client",10
"embed",10
"plant",10
"seri",10
"contract",10
"theme",10
"correspond",10
"ultim",10
"pass",10
"surpass",10
"prefer",10
"speech",10
"curriculum",10
"drive",10
"suitabl",10
"ahead",10
"copi",10
"almost",10
"narrow",10
"load",10
"altman",10
"discrimin",10
"minim",10
"fear",10
"intersect",10
"uncertainti",10
"overcom",10
"struggl",10
"taxonomi",10
"elect",10
"simpl",10
"guzheng",10
"gpai",10
"circuit",10
"simplifi",10
"peptid",10
"quantum",10
"cautious",9
"except",9
"memor",9
"procedur",9
"datadriven",9
"estim",9
"gap",9
"paradigm",9
"extern",9
"histor",9
"inaccuraci",9
"reinforc",9
"reproduc",9
"satisfact",9
"sens",9
"frame",9
"cgan",9
"confirm",9
"morpholog",9
"typic",9
"explicit",9
"percentag",9
"littl",9
"delv",9
"most",9
"spread",9
"substanti",9
"writer",9
"highqual",9
"prospect",9
"kappa",9
"knee",9
"verifi",9
"comment",9
"justic",9
"enorm",9
"hand",9
"criteria",9
"manipul",9
"profil",9
"american",9
"contact",9
"chines",9
"afford",9
"upon",9
"isnt",9
"largescal",9
"mitig",9
"built",9
"compos",9
"brief",9
"confidenti",9
"deriv",9
"endtoend",9
"file",9
"har",9
"artwork",9
"basi",9
"push",9
"alphabet",9
"societ",9
"covid",9
"attack",9
"websit",9
"unlik",9
"host",9
"attract",9
"signal",9
"manner",9
"acquir",9
"layoff",9
"soon",9
"lab",9
"acquisit",9
"submit",9
"presid",9
"studio",9
"narrat",9
"detector",9
"symptom",9
"fashion",9
"compris",9
"audienc",9
"fmri",9
"variat",9
"white",9
"pave",9
"realist",9
"heritag",9
"site",9
"dimens",9
"york",9
"pathologist",9
"musculoskelet",9
"testosteron",9
"sentenc",9
"legisl",8
"proactiv",8
"begin",8
"piec",8
"der",8
"differenti",8
"fill",8
"tailor",8
"mark",8
"status",8
"speed",8
"decreas",8
"messag",8
"hold",8
"academia",8
"behaviour",8
"worldwid",8
"race",8
"forese",8
"turn",8
"encod",8
"realworld",8
"expertis",8
"surgeon",8
"finetun",8
"plugin",8
"omit",8
"brought",8
"inquiri",8
"session",8
"electr",8
"separ",8
"ecc",8
"post",8
"audit",8
"store",8
"trace",8
"hardwar",8
"aesthet",8
"constitut",8
"modern",8
"stori",8
"aiassist",8
"english",8
"explos",8
"pedagogi",8
"infrastructur",8
"throughout",8
"per",8
"smaller",8
"gen",8
"pharmaceut",8
"back",8
"half",8
"pro",8
"rival",8
"contextu",8
"psycholog",8
"conflict",8
"exemplifi",8
"regulatori",8
"stay",8
"member",8
"gauss",8
"item",8
"defens",8
"under",8
"return",8
"bot",8
"hire",8
"mobil",8
"bill",8
"thousand",8
"mimic",8
"commiss",8
"malici",8
"len",8
"pandem",8
"canin",8
"photograph",8
"workforc",8
"block",8
"insuffici",8
"realtim",8
"highrisk",8
"proofofconcept",8
"baidu",8
"color",8
"modul",8
"cooper",8
"interread",8
"cardiac",8
"smogi",8
"thgrade",8
"therapi",8
"yield",8
"ddcgan",8
"chain",8
"crack",8
"safeguard",7
"light",7
"frequent",7
"pipelin",7
"campaign",7
"monitor",7
"prolifer",7
"novic",7
"students’",7
"instructor",7
"roadmap",7
"factual",7
"uncertain",7
"scope",7
"deeper",7
"hope",7
"coeffici",7
"convolut",7
"cycl",7
"henc",7
"tim",7
"unifi",7
"extrem",7
"mass",7
"philosoph",7
"precis",7
"textual",7
"inequ",7
"cell",7
"empow",7
"financ",7
"cohen",7
"larger",7
"surgeri",7
"argument",7
"mind",7
"thing",7
"begun",7
"invers",7
"paramet",7
"shortcom",7
"faculti",7
"inclus",7
"capit",7
"gpus",7
"colleagu",7
"request",7
"resum",7
"uncov",7
"matter",7
"supervis",7
"south",7
"suppli",7
"vre",7
"outsid",7
"regular",7
"xai",7
"flexibl",7
"trillion",7
"exploit",7
"vulner",7
"norm",7
"section",7
"degre",7
"reduct",7
"suffici",7
"spend",7
"thought",7
"head",7
"senior",7
"experienc",7
"cyberattack",7
"money",7
"hospit",7
"surpris",7
"readi",7
"cut",7
"lay",7
"thirdparti",7
"siri",7
"mac",7
"investor",7
"million",7
"equip",7
"miss",7
"robot",7
"generativeai",7
"close",7
"complementari",7
"there",7
"oversight",7
"cisco",7
"vari",7
"crisi",7
"script",7
"let",7
"union",7
"novelti",7
"amorph",7
"charg",7
"later",7
"derain",7
"scholarship",7
"prototyp",7
"grant",7
"moral",7
"amd",7
"diverg",7
"inher",7
"channel",7
"stylometr",7
"resembl",7
"coe",7
"realm",7
"pioneer",7
"cofound",7
"chemistri",7
"expos",7
"symposium",7
"memori",7
"autonomi",7
"enzym",7
"iqaqc",7
"clariti",7
"claud",7
"bleed",7
"length",7
"cortex",7
"bim",7
"enjoy",6
"reaction",6
"heart",6
"mine",6
"pedagog",6
"accomplish",6
"aris",6
"recruit",6
"modifi",6
"revis",6
"imagin",6
"molfiltergan",6
"adher",6
"equat",6
"questionnair",6
"pace",6
"drawn",6
"infer",6
"mix",6
"flow",6
"promin",6
"benefici",6
"possess",6
"preliminari",6
"porous",6
"declar",6
"mental",6
"sophist",6
"andor",6
"bolster",6
"programm",6
"undermin",6
"worri",6
"judgment",6
"alleg",6
"truli",6
"either",6
"orthopaed",6
"specialist",6
"therapeut",6
"envis",6
"garner",6
"appear",6
"rare",6
"storm",6
"colleg",6
"certif",6
"illeg",6
"juli",6
"stabil",6
"beta",6
"licens",6
"photoshop",6
"oncolog",6
"labor",6
"litig",6
"emphasi",6
"tackl",6
"cuttingedg",6
"explan",6
"signatur",6
"vast",6
"impress",6
"civil",6
"whole",6
"alway",6
"feder",6
"bridg",6
"divis",6
"easili",6
"pathway",6
"twitter",6
"partial",6
"primarili",6
"superior",6
"annual",6
"pay",6
"alexa",6
"period",6
"admin",6
"prioriti",6
"specul",6
"duet",6
"templat",6
"workspac",6
"pilot",6
"bbedit",6
"hype",6
"profound",6
"tempor",6
"along",6
"sam",6
"lesson",6
"giant",6
"firefli",6
"mainten",6
"imageri",6
"shortag",6
"paint",6
"ture",6
"utilis",6
"treat",6
"fall",6
"policymak",6
"oblig",6
"thursday",6
"organiz",6
"lot",6
"bodi",6
"unexpect",6
"profit",6
"save",6
"graduat",6
"ascertain",6
"psa",6
"ever",6
"check",6
"biden",6
"fast",6
"variant",6
"pitfal",6
"usual",6
"replic",6
"smart",6
"revolut",6
"deeplearn",6
"dental",6
"boom",6
"board",6
"disclos",6
"rigor",6
"epistemolog",6
"holist",6
"complaint",6
"wave",6
"laboratori",6
"deliveri",6
"truth",6
"liver",6
"csc",6
"markov",6
"informat",6
"dww",6
"california",6
"radiat",6
"offload",6
"instrument",6
"addict",6
"histopatholog",6
"iqa",6
"doctor",6
"nlp",6
"neither",6
"fossil",6
"bertscor",6
"bleu",6
"cosin",6
"matcher",6
"model–gener",6
"practiceitalic•",6
"practiceth",6
"reportsa",6
"reportsth",6
"san",6
"breed",6
"rtl",6
"straight",6
"trauma",6
"onenot",6
"framegan",6
"swwtsne",6
"tsne",6
"brazzein",6
"fit",5
"moment",5
"someth",5
"subset",5
"easi",5
"den",5
"mit",5
"stream",5
"earlier",5
"screen",5
"decision‐mak",5
"equival",5
"room",5
"line",5
"transit",5
"pivot",5
"pois",5
"mediat",5
"commit",5
"emphasis",5
"combat",5
"companion",5
"crise",5
"prone",5
"decept",5
"unpreced",5
"humanmachin",5
"multimedia",5
"photo",5
"true",5
"therebi",5
"popul",5
"profici",5
"constant",5
"satisfi",5
"defici",5
"scalabl",5
"divid",5
"formal",5
"committe",5
"gpts",5
"probabl",5
"naturallanguag",5
"insur",5
"career",5
"github",5
"linguist",5
"coda",5
"autoencod",5
"climat",5
"decarbon",5
"park",5
"intens",5
"mixtur",5
"cast",5
"stress",5
"indepth",5
"feel",5
"forum",5
"incomplet",5
"blockchain",5
"complianc",5
"sketch",5
"autonom",5
"boundari",5
"contend",5
"nevertheless",5
"ppt",5
"earn",5
"problemsolv",5
"builder",5
"resolut",5
"former",5
"aienabl",5
"breakthrough",5
"facil",5
"declin",5
"musk",5
"relianc",5
"smartphon",5
"speaker",5
"dramat",5
"reshap",5
"disord",5
"poor",5
"children",5
"elicit",5
"intrins",5
"touch",5
"forrest",5
"ventur",5
"everyth",5
"titl",5
"hundr",5
"staff",5
"figur",5
"idc",5
"budget",5
"nairr",5
"june",5
"encount",5
"late",5
"vector",5
"merger",5
"mixedr",5
"gpu",5
"inhous",5
"speak",5
"press",5
"smartsheet",5
"vice",5
"newli",5
"percent",5
"resolv",5
"tier",5
"procur",5
"backend",5
"journey",5
"inadequ",5
"choos",5
"depend",5
"advis",5
"ago",5
"path",5
"fleet",5
"maco",5
"dilemma",5
"wors",5
"dub",5
"crimin",5
"decad",5
"steel",5
"alon",5
"dascrp",5
"men",5
"onto",5
"unsupervis",5
"whose",5
"avatar",5
"preview",5
"met",5
"outpac",5
"stand",5
"timeconsum",5
"tocreat",5
"browser",5
"aigan",5
"remov",5
"ideal",5
"entertain",5
"date",5
"anchor",5
"embodi",5
"implicit",5
"intrigu",5
"longer",5
"mcqs",5
"citat",5
"undergradu",5
"blue",5
"electron",5
"inspir",5
"recreat",5
"retain",5
"benchmark",5
"decod",5
"leap",5
"textur",5
"manual",5
"metadata",5
"spatial",5
"chatgptgener",5
"immedi",5
"sect",5
"tet",5
"japanes",5
"particl",5
"annot",5
"denois",5
"sweet",5
"master",5
"concret",5
"transport",5
"stem",5
"tumor",5
"consumpt",5
"development",5
"nelson",5
"viewer",5
"manifesto",5
"cad",5
"computeraid",5
"clinician",5
"flesch",5
"biochemistri",5
"physiolog",5
"negoti",5
"strengthen",5
"biomedicin",5
"august",5
"generalpurpos",5
"parallel",5
"tune",5
"adjac",5
"dimension",5
"floorplan",5
"fulfil",5
"judgement",5
"homolog",5
"mutat",5
"black",5
"notetak",5
"dollar",5
"director",5
"converg",5
"pdhr",5
"shoulder",5
"aua",5
"artificialintellig",5
"motion",5
"radiologist",5
"arc",5
"somewhat",5
"crop",5
"phenotyp",5
"bank",5
"cui",5
"hui",5
"bioturb",5
"burrow",5
"volcan",5
"psychiatrist",5
"causal",5
"deform",5
"drx",5
"pavement",5
"parton",5
"shower",5
"obstacl",4
"binari",4
"rscore",4
"synthesiz",4
"exact",4
"humanai",4
"prime",4
"allen",4
"januari",4
"eight",4
"enrich",4
"inappropri",4
"logic",4
"arab",4
"resist",4
"happen",4
"utilitarian",4
"misconcept",4
"attach",4
"italicβital",4
"longterm",4
"viewpoint",4
"preval",4
"appar",4
"reput",4
"unabl",4
"changer",4
"intuit",4
"mistak",4
"democraci",4
"perhap",4
"intertwin",4
"displac",4
"mode",4
"iii",4
"meant",4
"pertain",4
"regress",4
"exclus",4
"david",4
"cheat",4
"archaeolog",4
"categor",4
"sensori",4
"agre",4
"equal",4
"equit",4
"everyon",4
"hei",4
"vital",4
"instal",4
"worth",4
"attorney",4
"march",4
"customerfac",4
"confront",4
"weak",4
"wednesday",4
"imper",4
"thorough",4
"enough",4
"excess",4
"remot",4
"renew",4
"storag",4
"classic",4
"tensil",4
"column",4
"hot",4
"notic",4
"everyday",4
"ambigu",4
"discrep",4
"repositori",4
"root",4
"stack",4
"permiss",4
"feed",4
"thank",4
"blend",4
"guetta",4
"harder",4
"efl",4
"foreign",4
"azur",4
"tuesday",4
"tour",4
"allevi",4
"barrier",4
"compel",4
"that",4
"coursework",4
"alphafold",4
"frontier",4
"resurg",4
"vertex",4
"becam",4
"elon",4
"facebook",4
"player",4
"done",4
"huge",4
"arguabl",4
"strike",4
"ser",4
"consent",4
"prerequisit",4
"princip",4
"supplement",4
"admit",4
"leav",4
"salesforc",4
"guardrail",4
"belief",4
"secondari",4
"competitor",4
"tell",4
"expens",4
"parti",4
"antitrust",4
"expans",4
"tension",4
"curv",4
"bloomberg",4
"german",4
"normal",4
"samsung",4
"equiti",4
"retail",4
"nativ",4
"militari",4
"daili",4
"processor",4
"cyborg",4
"imaginari",4
"underpin",4
"theyr",4
"anthrop",4
"goe",4
"tooth",4
"specialti",4
"insid",4
"portfolio",4
"parent",4
"exec",4
"asset",4
"amend",4
"ftc",4
"disney",4
"lawmak",4
"side",4
"promptengin",4
"debug",4
"workload",4
"paus",4
"simpli",4
"twostag",4
"joint",4
"octob",4
"fine",4
"holic",4
"understood",4
"heavi",4
"necess",4
"math",4
"alert",4
"caught",4
"came",4
"leadership",4
"war",4
"disentangl",4
"entangl",4
"curios",4
"thread",4
"took",4
"heat",4
"crown",4
"harbor",4
"encompass",4
"imagegener",4
"plastic",4
"oer",4
"lowlevel",4
"camera",4
"versus",4
"metaqa",4
"humanwritten",4
"optimist",4
"virtu",4
"showcas",4
"urban",4
"mckinsey",4
"abund",4
"alik",4
"burden",4
"healthi",4
"trigger",4
"tone",4
"manga",4
"wachowski",4
"recal",4
"endus",4
"radiograph",4
"unet",4
"extent",4
"exacerb",4
"nontechn",4
"watermark",4
"token",4
"appreci",4
"easier",4
"appoint",4
"secret",4
"controversi",4
"deliber",4
"optic",4
"wherein",4
"delin",4
"intraop",4
"attend",4
"idl",4
"sequenti",4
"tutor",4
"assur",4
"trajectori",4
"inner",4
"llms‐base",4
"nine",4
"endodont",4
"generaliz",4
"injuri",4
"stanford",4
"ai‐author",4
"evolutionari",4
"presentday",4
"uphold",4
"genr",4
"invent",4
"grid",4
"break",4
"consolid",4
"fiction",4
"patholog",4
"pressur",4
"photographi",4
"purchas",4
"stronger",4
"restrict",4
"sound",4
"dolittl",4
"tourism",4
"recoveri",4
"literari",4
"analysisoveral",4
"completeal",4
"deidentifi",4
"lumbar",4
"none",4
"pac",4
"patientfriend",4
"reader’",4
"reportssixti",4
"spine",4
"words”",4
"“produc",4
"aortic",4
"cardiothorac",4
"fkgl",4
"fleschkincaid",4
"fre",4
"freeli",4
"gfi",4
"gobbledygook",4
"gunningfog",4
"level”",4
"postconvers",4
"publiconlin",4
"rewrit",4
"scoresoveral",4
"stenosi",4
"usa",4
"“translat",4
"india",4
"pictur",4
"compens",4
"mechanist",4
"teeth",4
"cyclegan",4
"invas",4
"lobectomi",4
"plausibl",4
"voter",4
"reward",4
"cow",4
"francisco",4
"ban",4
"septemb",4
"trade",4
"slow",4
"song",4
"gyrus",4
"kinas",4
"shcc",4
"colormatch",4
"modulargraph",4
"related",4
"rgt",4
"ichnofabr",4
"agreedagre",4
"grain",4
"objectdriven",4
"framebrac",4
"atsn",4
"defect",4
"strict",4
"holder",3
"indistinguish",3
"landmark",3
"predomin",3
"gradual",3
"api",3
"consensus",3
"dedic",3
"python",3
"avers",3
"persuas",3
"bei",3
"man",3
"werden",3
"wame",3
"druglik",3
"inhibitor",3
"trialanderror",3
"unknown",3
"modif",3
"reevalu",3
"tendenc",3
"unnecessari",3
"satisfactori",3
"grappl",3
"spectrum",3
"elucid",3
"hedon",3
"switch",3
"tangibl",3
"usabl",3
"aicreat",3
"uptak",3
"travel",3
"adequ",3
"recognis",3
"cnn",3
"realism",3
"suffer",3
"thermal",3
"riski",3
"alongsid",3
"noteswhat",3
"collaps",3
"concentr",3
"gfms",3
"singular",3
"threaten",3
"twin",3
"assum",3
"socal",3
"sociotechn",3
"chanc",3
"phenomenon",3
"suspect",3
"whitecollar",3
"chatbotgener",3
"disadvantag",3
"commentari",3
"imagetoimag",3
"bare",3
"exploratori",3
"logist",3
"season",3
"chalmer",3
"sometim",3
"abus",3
"simultan",3
"herald",3
"wonder",3
"biggest",3
"perfect",3
"bar",3
"court",3
"defend",3
"hypothes",3
"death",3
"tout",3
"openai’",3
"liwc",3
"mislead",3
"prohibit",3
"comprehend",3
"alpg",3
"korean",3
"megadip",3
"megascal",3
"fresh",3
"cementiti",3
"maximum",3
"peecc",3
"proven",3
"mold",3
"foremost",3
"articul",3
"fact",3
"candid",3
"discret",3
"highperform",3
"damag",3
"poison",3
"unpredict",3
"perpetu",3
"regardless",3
"characteris",3
"genuin",3
"modest",3
"redund",3
"visibl",3
"slide",3
"outweigh",3
"geograph",3
"openworld",3
"specifi",3
"coher",3
"approv",3
"fraud",3
"cloudflar",3
"traffic",3
"complement",3
"click",3
"eweek",3
"jame",3
"revolutionari",3
"neuroscor",3
"keynot",3
"baselin",3
"certifi",3
"nonprofit",3
"submiss",3
"aiinfus",3
"advic",3
"arriv",3
"forecast",3
"tip",3
"conjunct",3
"cook",3
"schedul",3
"sheet",3
"ondevic",3
"textbas",3
"rich",3
"wellknown",3
"perplex",3
"bubbl",3
"eventu",3
"strain",3
"immers",3
"breach",3
"curb",3
"scrutini",3
"cyber",3
"mainstream",3
"mayor",3
"timelin",3
"urg",3
"februari",3
"never",3
"sure",3
"nextgener",3
"fuel",3
"sell",3
"premium",3
"stock",3
"latter",3
"proprietari",3
"webinar",3
"saha",3
"carri",3
"technician",3
"sort",3
"mission",3
"owngen",3
"computergener",3
"licklid",3
"poetri",3
"posthuman",3
"informatica",3
"findabl",3
"nonhuman",3
"webex",3
"ingest",3
"verif",3
"globe",3
"unstructur",3
"diminish",3
"cio",3
"coder",3
"junior",3
"comfort",3
"microsoftback",3
"buy",3
"genter",3
"hasnt",3
"ident",3
"spokesperson",3
"necessit",3
"expedit",3
"humangener",3
"alex",3
"road",3
"bad",3
"hate",3
"curat",3
"founder",3
"pragmat",3
"squar",3
"tam",3
"learningbas",3
"subgroup",3
"women",3
"seven",3
"paid",3
"alarm",3
"blueprint",3
"accentur",3
"catalyst",3
"fix",3
"retrain",3
"atlassian",3
"lightweight",3
"patron",3
"repetit",3
"unrealist",3
"talent",3
"amplifi",3
"afoul",3
"realli",3
"toth",3
"asynchron",3
"rain",3
"jasper",3
"avenu",3
"disput",3
"absenc",3
"complic",3
"palm",3
"homework",3
"predecessor",3
"render",3
"maxillari",3
"multidisciplinari",3
"lawyer",3
"rho",3
"held",3
"quit",3
"ai‐bas",3
"boardcertifi",3
"likert",3
"resid",3
"ulcer",3
"willow",3
"lag",3
"paradox",3
"openaccess",3
"maynard",3
"failur",3
"lose",3
"unlock",3
"weight",3
"ryzen",3
"highlevel",3
"neurosci",3
"versatil",3
"exceed",3
"uncommon",3
"forens",3
"forgeri",3
"nois",3
"photorealist",3
"prnu",3
"geosearch",3
"tabular",3
"convert",3
"reinvent",3
"finnish",3
"tradeoff",3
"workshop",3
"pritchard’",3
"reskil",3
"journalist",3
"spark",3
"uptod",3
"lighter",3
"onboard",3
"cocreat",3
"filmmak",3
"got",3
"matrix",3
"meso",3
"tremend",3
"net",3
"ddpm",3
"demograph",3
"gebru",3
"nobl",3
"aswb",3
"temporarili",3
"hcai",3
"wellb",3
"ultrasound",3
"advoc",3
"dap",3
"horizon",3
"planner",3
"siemen",3
"confid",3
"drawback",3
"joul",3
"lobe",3
"nodul",3
"noth",3
"briefli",3
"africa",3
"upcom",3
"coauthor",3
"usher",3
"perceptu",3
"enforc",3
"wherea",3
"useital",3
"critiqu",3
"subcategori",3
"provis",3
"organis",3
"biomed",3
"neglect",3
"human‐author",3
"cellular",3
"intric",3
"genet",3
"extran",3
"architect",3
"explod",3
"fastest",3
"lstm",3
"anomali",3
"technicalnontechn",3
"gplan",3
"nicotin",3
"span",3
"buyer",3
"abm",3
"mafld",3
"metabol",3
"steatohepat",3
"efficaci",3
"dermatolog",3
"outlook",3
"salient",3
"adolesc",3
"adult",3
"disabl",3
"cosmet",3
"people’",3
"aigc",3
"geoai",3
"geoiqa",3
"“",3
"ai‐medi",3
"toxic",3
"malpractic",3
"dialog",3
"angl",3
"assembl",3
"configur",3
"postdisast",3
"peerreview",3
"stochast",3
"smbs",3
"wrote",3
"pediatr",3
"biogener",3
"fatigu",3
"occlus",3
"ccaa",3
"calibr",3
"omnicom",3
"pitch",3
"neuropsycholog",3
"car",3
"exercis",3
"lord",3
"counti",3
"ismpp",3
"wont",3
"council",3
"spur",3
"cyberspac",3
"yes",3
"otterai",3
"accus",3
"boss",3
"europ",3
"imf",3
"extra",3
"credit",3
"quantiti",3
"largest",3
"microsurgeri",3
"gene",3
"preprocess",3
"split",3
"deepmind",3
"ai‐gener",3
"facial",3
"polypharmacolog",3
"fcfp",3
"ophthalmolog",3
"betweenperson",3
"forg",3
"selfdetermin",3
"intel",3
"quarter",3
"england",3
"agricultur",3
"dls",3
"hypothesi",3
"freshwat",3
"palaeoenviron",3
"japan",3
"tap",3
"songwrit",3
"opera",3
"clickup",3
"differentialdiagnosi",3
"mock",3
"parliament",3
"sik",3
"videogener",3
"fluoresc",3
"swwatsn",3
"dem",3
"demd",3
"caingan",3
"contextawar",3
"lacti",3
"fault",3
"presumpt",3
"regim",3
"backlash",2
"compromis",2
"law’",2
"normat",2
"duplic",2
"edg",2
"incompat",2
"likelihood",2
"nonexpress",2
"ratio",2
"reconstitut",2
"remix",2
"revers",2
"altogeth",2
"claus",2
"contractu",2
"infiltr",2
"shed",2
"wit",2
"chemist",2
"novo",2
"opensourc",2
"rspred",2
"aforement",2
"auf",2
"des",2
"dies",2
"für",2
"hochschulen",2
"lehr",2
"medizinisch",2
"von",2
"wie",2
"aidesign",2
"receptor",2
"retrospect",2
"triag",2
"indecis",2
"twice",2
"abstractthi",2
"anthropomorph",2
"finish",2
"hedonist",2
"model’",2
"wellinform",2
"occurr",2
"abstractwith",2
"human–ai",2
"persona",2
"unanticip",2
"participants’",2
"revolutionis",2
"contempl",2
"rational",2
"besid",2
"ineffici",2
"inspect",2
"sinter",2
"credibl",2
"imposs",2
"unfold",2
"unhelp",2
"egypt",2
"poland",2
"occas",2
"arisen",2
"audiovisu",2
"citizen",2
"humancomput",2
"impli",2
"verbal",2
"“deepfakes”",2
"judg",2
"truthbia",2
"verac",2
"loop",2
"neuron",2
"concord",2
"coxarthrosi",2
"gonarthrosi",2
"foreground",2
"scrape",2
"serious",2
"unlimit",2
"unparallel",2
"headlin",2
"hyperbol",2
"digest",2
"ontolog",2
"misconduct",2
"accompani",2
"acm",2
"muscl",2
"youd",2
"next‐gener",2
"deduct",2
"pennsylvania",2
"mann",2
"porsdam",2
"rahimzadeh",2
"contradict",2
"choic",2
"formula",2
"join",2
"guarante",2
"air",2
"alloc",2
"asu",2
"cvres",2
"eqyr",2
"kilo",2
"lng",2
"solar",2
"technoeconom",2
"wind",2
"mileston",2
"reus",2
"deviat",2
"fiber",2
"cannib",2
"dilig",2
"staf",2
"tear",2
"preservic",2
"fool",2
"blackbox",2
"blockchainbas",2
"closer",2
"counterpart",2
"equilibrium",2
"offchain",2
"sent",2
"unauthor",2
"ideat",2
"formid",2
"pursuit",2
"quest",2
"invis",2
"nightshad",2
"colloqui",2
"oracl",2
"accommod",2
"concert",2
"durabl",2
"french",2
"hybridnetwork",2
"influenti",2
"medium",2
"notion",2
"inclin",2
"driver",2
"eye",2
"thirdquart",2
"curious",2
"pga",2
"interconnect",2
"skeptic",2
"ensembl",2
"satellit",2
"admiss",2
"gotomarket",2
"portal",2
"licensur",2
"transcript",2
"questionansw",2
"fusion",2
"uptick",2
"hug",2
"malwar",2
"outag",2
"indispens",2
"watch",2
"rank",2
"dhar",2
"melspectrogram",2
"tts",2
"john",2
"fee",2
"cue",2
"eyetrack",2
"meanwhil",2
"neuromarket",2
"stimuli",2
"unusu",2
"seamless",2
"batteri",2
"plus",2
"ecommerc",2
"undertaken",2
"cfo",2
"hood",2
"cagr",2
"jamf",2
"multitud",2
"exclud",2
"entri",2
"heavili",2
"spreadsheet",2
"spring",2
"worksheet",2
"wwdc",2
"burst",2
"unforeseen",2
"serverbas",2
"monoton",2
"undesir",2
"wearabl",2
"export",2
"geopolit",2
"athenahealth",2
"greatest",2
"pbl",2
"centr",2
"offici",2
"philanthropi",2
"webbas",2
"allin",2
"cso",2
"myriad",2
"navan",2
"debut",2
"workday",2
"andi",2
"basedon",2
"modelllm",2
"creditbas",2
"thepubl",2
"gartner",2
"carnegi",2
"mellon",2
"noncompli",2
"eliza",2
"frontlin",2
"figjam",2
"bit",2
"minimum",2
"seat",2
"here",2
"shrink",2
"standalon",2
"alan",2
"symbiosi",2
"telco",2
"hard",2
"faq",2
"beintegr",2
"everywher",2
"overhyp",2
"reuter",2
"thomson",2
"entrust",2
"overwhelm",2
"sedgwick",2
"akin",2
"shop",2
"ali",2
"anyway",2
"hodgson",2
"tempt",2
"blog",2
"saw",2
"stir",2
"juggernaut",2
"unstopp",2
"annualinspir",2
"erp",2
"micosoft",2
"convinc",2
"lowest",2
"mosyl",2
"ofgen",2
"indemnif",2
"momentum",2
"senat",2
"prove",2
"opposit",2
"aggress",2
"thecompani",2
"inde",2
"insilico",2
"wrong",2
"cac",2
"arealreadi",2
"ballmer",2
"theirproduct",2
"duckassist",2
"instant",2
"summer",2
"maxim",2
"twoway",2
"chamber",2
"hinder",2
"multifacet",2
"smes",2
"chronic",2
"cohort",2
"finger",2
"forest",2
"outlier",2
"permut",2
"remiss",2
"selforgan",2
"tender",2
"drugrel",2
"airel",2
"mesh",2
"agenda",2
"threepoint",2
"subscrib",2
"bell",2
"stun",2
"ofworkforc",2
"teamwork",2
"thegen",2
"wait",2
"asana",2
"screenwrit",2
"dan",2
"diasio",2
"eat",2
"fortun",2
"sentient",2
"young",2
"rollout",2
"felt",2
"rolebas",2
"flood",2
"oxford",2
"readili",2
"seeker",2
"nap",2
"ramif",2
"branch",2
"exchang",2
"featurewis",2
"twobranch",2
"forcedchoic",2
"stimulus",2
"appeal",2
"laypeopl",2
"discurs",2
"feminist",2
"presenc",2
"suppos",2
"tandem",2
"bedrock",2
"organism",2
"passiv",2
"solid",2
"applehol",2
"noun",2
"æp",2
"emb",2
"lifecycl",2
"aiback",2
"doubl",2
"monday",2
"phone",2
"volum",2
"brew",2
"what",2
"con",2
"legibl",2
"pros",2
"upb",2
"middl",2
"panoram",2
"pseudod",2
"ssim",2
"xray",2
"forev",2
"weigh",2
"multiplechoic",2
"christoph",2
"doctrin",2
"mexico",2
"santa",2
"graft",2
"old",2
"repeat",2
"stereotyp",2
"apprais",2
"blank",2
"contemporari",2
"curricula",2
"open‐sourc",2
"pre‐train",2
"routin",2
"saq",2
"seq",2
"text‐bas",2
"truefals",2
"exagger",2
"skin",2
"flourish",2
"magazin",2
"summaris",2
"geotherm",2
"groundbreak",2
"weightloss",2
"contest",2
"laptop",2
"npu",2
"pervas",2
"pytorch",2
"tensorflow",2
"sole",2
"earring",2
"girl",2
"away",2
"dawn",2
"braindiffus",2
"brain–comput",2
"highcomplex",2
"mask",2
"neuroscientif",2
"regionofinterest",2
"roi",2
"roioptim",2
"succeed",2
"vdvae",2
"aut",2
"poorqual",2
"ela",2
"nowaday",2
"gcoo",2
"geospati",2
"keyword",2
"underlin",2
"usb",2
"handson",2
"stimul",2
"clark",2
"ext",2
"fasoli’",2
"pritchard",2
"fourth",2
"portion",2
"dissert",2
"steer",2
"thrive",2
"welcom",2
"wish",2
"civic",2
"corrod",2
"sphere",2
"compat",2
"department",2
"dual",2
"kingdom",2
"lie",2
"scheme",2
"threshold",2
"paramount",2
"hurdl",2
"casework",2
"aiillustr",2
"dystopia",2
"lana",2
"lilli",2
"outsiz",2
"rootport",2
"sister",2
"tokyobas",2
"yearold",2
"bigram",2
"mds",2
"multidimension",2
"overlap",2
"likewis",2
"macro",2
"mega",2
"micro",2
"epoch",2
"probabilist",2
"dispar",2
"ddpms",2
"dice",2
"discern",2
"distanc",2
"dsc",2
"featureset",2
"fid",2
"incept",2
"trochant",2
"brave",2
"stone",2
"told",2
"array",2
"prioritis",2
"quizz",2
"quantif",2
"registr",2
"enact",2
"lock",2
"sixmonth",2
"britain",2
"exhaust",2
"dutch",2
"elus",2
"phasecontrast",2
"tissu",2
"cure",2
"vri",2
"taylor",2
"csv",2
"lung",2
"mere",2
"child",2
"justifi",2
"alondra",2
"geoffrey",2
"hinton",2
"driverless",2
"futurist",2
"mindset",2
"mood",2
"morph",2
"ride",2
"robin",2
"taxi",2
"xiaodu",2
"schroeder",2
"witt",2
"indetermin",2
"indeterminaci",2
"legitim",2
"transatlant",2
"peril",2
"deconstruct",2
"imagen",2
"rnns",2
"coupl",2
"dielectr",2
"footprint",2
"kerker",2
"multipol",2
"optoelectron",2
"router",2
"scatter",2
"spectra",2
"spectral",2
"selflearn",2
"flap",2
"panel",2
"supplementari",2
"angel",2
"racial",2
"dissemin",2
"bloom’",2
"lowerord",2
"meq",2
"italicperceiv",2
"learners’",2
"spotlight",2
"lectur",2
"modal",2
"extant",2
"negasystem",2
"amplif",2
"benefic",2
"human‐centr",2
"labori",2
"pinpoint",2
"state‐‐‐art",2
"taskslarg",2
"time‐consum",2
"arrang",2
"fwa",2
"entail",2
"clash",2
"biomark",2
"cartilag",2
"osteoarthr",2
"pearson",2
"tight",2
"−",2
"walter",2
"neurologist",2
"certainti",2
"human‐",2
"reliev",2
"culmin",2
"multilevel",2
"reexamin",2
"thalamocort",2
"umwelt",2
"inhibit",2
"outsourc",2
"residu",2
"cap",2
"combo",2
"gpucpu",2
"grace",2
"hopper",2
"timbr",2
"pool",2
"customiz",2
"grammar",2
"linear",2
"topolog",2
"warrant",2
"sit",2
"pittsburgh",2
"addictionrel",2
"radp",2
"spatiotempor",2
"sta",2
"seller",2
"overlook",2
"fatti",2
"luciferas",2
"mutant",2
"rluc",2
"wild",2
"phrase",2
"centuri",2
"cornerston",2
"bcc",2
"outdat",2
"referenc",2
"highfit",2
"highthroughput",2
"femal",2
"older",2
"recurs",2
"touchpoint",2
"politician",2
"younger",2
"essenc",2
"questionandansw",2
"artefact",2
"deepli",2
"tacit",2
"aideriv",2
"aiidentifi",2
"codec",2
"peachey",2
"shine",2
"fascin",2
"seo",2
"rout",2
"discharg",2
"analog",2
"hing",2
"openend",2
"home",2
"italicnital",2
"studentwritten",2
"teachers’",2
"preregist",2
"rose",2
"selfassess",2
"dialect",2
"goldschmidt",2
"leviticus",2
"neighbor",2
"kasneci",2
"mollick",2
"owe",2
"cohumain",2
"prosper",2
"socio‐cognit",2
"conversationbas",2
"sexual",2
"spu",2
"thermodynam",2
"coach",2
"myth",2
"land",2
"grok",2
"cellpenetr",2
"permeabl",2
"fight",2
"longstand",2
"page",2
"cusp",2
"finit",2
"lifetim",2
"machinelearn",2
"mpa",2
"personnel",2
"premolar",2
"synergist",2
"wast",2
"invit",2
"domest",2
"resili",2
"puls",2
"chickfila",2
"stop",2
"insitu",2
"margin",2
"aiproduc",2
"gatekeep",2
"collin",2
"thinker",2
"ostp",2
"searcher",2
"newscast",2
"broadcast",2
"affair",2
"transfus",2
"microb",2
"speci",2
"anthropocentr",2
"chocol",2
"milk",2
"bet",2
"hulu",2
"merg",2
"district",2
"toconsid",2
"prematur",2
"fortrademark",2
"petey",2
"renam",2
"watchgptwhich",2
"australian",2
"nih",2
"businesss",2
"summit",2
"circular",2
"reserv",2
"repli",2
"agnost",2
"rememb",2
"silo",2
"pcs",2
"rtx",2
"swift",2
"subscript",2
"garant",2
"watchdog",2
"mentor",2
"incom",2
"downsiz",2
"reorgan",2
"eus",2
"patronus",2
"ces",2
"coordin",2
"coop",2
"ghostwrit",2
"microsurgeon",2
"dna",2
"heterogen",2
"hyperparamet",2
"aiaid",2
"cloth",2
"catch",2
"brodmann",2
"cpt",2
"eod",2
"neuroimag",2
"ptsd",2
"tbi",2
"veteran",2
"substitut",2
"devis",2
"nonlinear",2
"sgresnet",2
"cscw",2
"cremad",2
"proof",2
"advers",2
"dock",2
"dens",2
"microcrack",2
"strainharden",2
"fundus",2
"retin",2
"mbls",2
"triumvir",2
"decolon",2
"radic",2
"reimagin",2
"erod",2
"drama",2
"exit",2
"interim",2
"shear",2
"redteam",2
"eggemei",2
"newer",2
"pick",2
"flaw",2
"rushdi",2
"salman",2
"scopus",2
"fasttrack",2
"hoffman",2
"zuckerberg",2
"inc",2
"baidus",2
"grand",2
"retinopathi",2
"gui",2
"dempster–shaf",2
"colon",2
"continent",2
"insect",2
"lake",2
"permian",2
"substrat",2
"supervolcano",2
"supporttrain",2
"surg",2
"placement",2
"rembrand",2
"tocustom",2
"prepared",2
"keyboard",2
"llama",2
"inaccess",2
"largelanguag",2
"oflamda",2
"crm",2
"aria",2
"chromebas",2
"timeseri",2
"twopoint",2
"atl",2
"ntdb",2
"outofdomain",2
"traine",2
"dei",2
"fem",2
"fraction",2
"anxieti",2
"biggan",2
"evernot",2
"greg",2
"steve",2
"trick",2
"clairegpt",2
"idmc",2
"vitro",2
"cortic",2
"hacker",2
"smallscal",2
"hollywood",2
"selfdriv",2
"america",2
"dominion",2
"flip",2
"pca",2
"tsnebas",2
"widewarp",2
"gradat",2
"motorway",2
"collis",2
"capacityfacil",2
"computersconsum",2
"corporateindustri",2
"npag",2
"wsjlifework",2
"pixelcnn",2
"mldirect",2
"gras",2
"heatresist",2
"lactococcus",2
"palat",2
"purif",2
"thermost",2
"aild",2
"legitimateharm",2
"pld",2
"auction",2
"belami",2
"harbour’",1
"liberti",1
"reaffirm",1
"weaken",1
"‘safe",1
"accentu",1
"attenu",1
"copyreli",1
"dall·",1
"decomposit",1
"hathitrust",1
"humanauthor",1
"jukebox",1
"musiclm",1
"pseudoexpress",1
"snippet",1
"textdata",1
"structuretempl",1
"chosen",1
"magnitud",1
"bench",1
"httpsgithubcomiktosgenerationundersyntheticconstraint",1
"httpsspayaai",1
"retroscor",1
"retrosynthet",1
"spaya",1
"spayaapi",1
"aion",1
"contrari",1
"enlist",1
"favorit",1
"humanon",1
"reducesbut",1
"reverseth",1
"anbetracht",1
"aus",1
"ausbildung",1
"auswirkungen",1
"automobil",1
"autoren",1
"barcamp",1
"bedeutend",1
"behaupten",1
"beitrag",1
"bemerkenswerten",1
"beobachten",1
"beschäftigen",1
"besteht",1
"bildungsungleichheit",1
"cds",1
"chatgtp",1
"das",1
"dass",1
"denen",1
"denn",1
"dennoch",1
"derjenigen",1
"diesem",1
"drehen",1
"durch",1
"durchführung",1
"edgebrows",1
"einbrennen",1
"einem",1
"einführung",1
"einladen",1
"einmal",1
"einzubringen",1
"erfahrungen",1
"erscheint",1
"erst",1
"erwartet",1
"evidenzbasiert",1
"existieren",1
"fortschritt",1
"gedanken",1
"gefahr",1
"generativen",1
"gesellschaft",1
"gibt",1
"gki",1
"haben",1
"httpsgmade",1
"institutionen",1
"integrationen",1
"ist",1
"jahr",1
"jahrestagung",1
"jetzt",1
"kann",1
"kommenden",1
"kompetenzen",1
"konsequent",1
"lehrbetrieb",1
"lehrforschung",1
"lernen",1
"letzten",1
"menschheit",1
"mithin",1
"mitzubringen",1
"monaten",1
"möchten",1
"nicht",1
"nutzen",1
"nutzung",1
"obwohl",1
"osnabrück",1
"pferd",1
"sein",1
"sich",1
"sind",1
"sinn",1
"sommersemest",1
"sowi",1
"spieß",1
"studierend",1
"städten",1
"umso",1
"unseren",1
"verbindung",1
"verdrängung",1
"verschwunden",1
"verstärkung",1
"versuch",1
"vinylplatt",1
"vorstudien",1
"weiter",1
"wichtig",1
"wir",1
"wird",1
"wohl",1
"zugang",1
"zur",1
"bioactiv",1
"bruteforc",1
"ddr",1
"discoidin",1
"endeavor",1
"gratifi",1
"ligand",1
"resourcesintens",1
"claritya",1
"cliniciansth",1
"cross‐sect",1
"decision‐makingthi",1
"experiencethi",1
"march–april",1
"openaiconcern",1
"qualtric",1
"regist",1
"re‐evalu",1
"studiespati",1
"studyemerg",1
"‐triag",1
"abstractth",1
"country’",1
"jordan",1
"oman",1
"sempl",1
"yemen",1
"conveni",1
"entrepreneuri",1
"entrepreneurs’",1
"familiar",1
"increment",1
"italicalso",1
"italicprepercept",1
"italicus",1
"outcomeital",1
"overweight",1
"prepercept",1
"researcher’",1
"servicesital",1
"variablesital",1
"decadesold",1
"misattribut",1
"quiz",1
"cloudresearch",1
"interplay",1
"sem",1
"usercent",1
"users’",1
"intelligencepow",1
"arabia",1
"saudi",1
"merit",1
"shun",1
"crisp",1
"linkag",1
"processingmicrostructureproperti",1
"sharp",1
"silver",1
"predatori",1
"ai”",1
"box”",1
"distress",1
"nonneglig",1
"“black",1
"“companion",1
"bespok",1
"conditions—",1
"educationpractition",1
"probe",1
"utaut",1
"utaut—perform",1
"consequenti",1
"decontextu",1
"unaccount",1
"unimagin",1
"backdrop",1
"enquir",1
"gansgener",1
"hyperrealist",1
"inadequaci",1
"movement",1
"networksgan",1
"nonverb",1
"perceptionalt",1
"realityalt",1
"repercuss",1
"satir",1
"thereaft",1
"worthwhil",1
"honest",1
"truthbias",1
"truthdefault",1
"unprompt",1
"veracity—",1
"—",1
"biochem",1
"clever",1
"realvirtualr",1
"arthrosi",1
"hip",1
"moderatetogood",1
"multivari",1
"pain",1
"lend",1
"privileg",1
"revit",1
"autogenllm",1
"bullshitt",1
"oneself",1
"thesi",1
"fraught",1
"newfound",1
"archaeologist",1
"humancr",1
"imagebas",1
"undoubt",1
"aideep",1
"generativebas",1
"ingredi",1
"nutrit",1
"recip",1
"devot",1
"syntact",1
"clerk",1
"florida",1
"plead",1
"author’",1
"caption",1
"ltd",1
"favecodtvcg",1
"favecoqtrxup",1
"youll",1
"oncologychatgpt",1
"pile",1
"plain",1
"corp",1
"brazilian",1
"enumer",1
"openresearch",1
"employmentunemploy",1
"bioethicist",1
"ectogenesi",1
"minut",1
"syllog",1
"aiproof",1
"warschauer",1
"codex",1
"doe",1
"professional’",1
"dictionarybas",1
"italicrital",1
"metaanalyt",1
"unreli",1
"acut",1
"aprompt",1
"legalprofession",1
"usinganoth",1
"aba",1
"conductâ€™",1
"lawyerâ€™",1
"optout",1
"paraleg",1
"mehrotra",1
"parad",1
"demo",1
"aae",1
"cinform",1
"gas",1
"green",1
"hyr",1
"korea",1
"lae",1
"laesbas",1
"liquid",1
"liquifi",1
"mwh",1
"petrochem",1
"ulsan",1
"yeosu",1
"optimizationbas",1
"underutil",1
"invert",1
"lowcarbon",1
"lowcost",1
"micromechan",1
"networkbas",1
"performancebas",1
"polyethylen",1
"chill",1
"metal",1
"duallen",1
"education ",1
"hereandnow",1
"inservice teach",1
"longer view—bas",1
"matrix within",1
"position ",1
"research ",1
"sociolog",1
"sociotechnocultur",1
"tools—",1
" educ",1
" follow",1
" prior",1
"amaz",1
"chatgpt‐rel",1
"instabl",1
"meal",1
"reddit",1
"unavail",1
"unemploy",1
"evidenti",1
"immut",1
"merkl",1
"onchain",1
"prelitig",1
"tort",1
"vigil",1
"socrat",1
"fragment",1
"martech",1
"evidenc",1
"chaotic",1
"upload",1
"flywheel",1
"glanc",1
"mirror",1
"selfreferenti",1
"traditionalist",1
"forwardlook",1
"lens",1
"loom",1
"eminem",1
"hegemon",1
"humandriven",1
"lyric",1
"nihilo",1
"technologyconstitut",1
"borrow",1
"corrobor",1
"dmc",1
"hierarch",1
"postproject",1
"powerpoint",1
"subclaim",1
"thinkaloud",1
"fan",1
"node",1
"butcher",1
"cartographi",1
"featureladen",1
"flyover",1
"humanread",1
"latenc",1
"machineread",1
"plane",1
"neil",1
"raiola",1
"ralph",1
"scifi",1
"cybercrim",1
"prejudic",1
"technoeth",1
"aisf",1
"cater",1
"empower",1
"newgener",1
"nuclear",1
"unman",1
"complimentari",1
"extort",1
"governmentimpos",1
"http",1
"incid",1
"logj",1
"phish",1
"quillbot",1
"radar",1
"ransomwar",1
"reset",1
"shutdown",1
"tiktok",1
"bibliographi",1
"nonnat",1
"bhasker",1
"jithin",1
"servicenow",1
"editorinchief",1
"eweekchat",1
"eweeknew",1
"maguir",1
"wipro",1
"kinetica",1
"dissimilar",1
"gangener",1
"httpsgithubcomvillawangneuroaiinterfac",1
"neuroai",1
"psychoperceptu",1
"asha",1
"belong",1
"csd",1
"researcheracadem",1
"speechlanguagehear",1
"sumitrajit",1
"town",1
"mos",1
"sequencetosequ",1
"tacotron",1
"texttospeech",1
"wavernn",1
"boston",1
"brownstein",1
"cto",1
"kamat",1
"pandurang",1
"persist",1
"ednewton",1
"rescind",1
"rex",1
"brandiniti",1
"logo",1
"productsservic",1
"realey",1
"pid",1
"cyberphys",1
"expend",1
"safetycrit",1
"dialpad",1
"dialpadgpt",1
"domainspecif",1
"danel",1
"dayan",1
"bmc",1
"gave",1
"gharib",1
"gharibi",1
"tripleblind",1
"thoughtspot",1
"alexarel",1
"fulltim",1
"overst",1
"ami",1
"advisori",1
"jump",1
"skyrocket",1
"blow",1
"jnuc",1
"kit",1
"weatherman",1
"accomod",1
"rural",1
"newest",1
"chart",1
"insert",1
"placehold",1
"rough",1
"tabl",1
"nsf",1
"macwhisp",1
"rumor",1
"swiftgpt",1
"xcode",1
"bone",1
"hint",1
"siegel",1
"bezo",1
"databrick",1
"jeff",1
"valuat",1
"reallif",1
"temper",1
"counterpoint",1
"ship",1
"smarter",1
"kdbai",1
"kxs",1
"rag",1
"server",1
"timeori",1
"eeg",1
"flowconduc",1
"invoc",1
"neuroadapt",1
"headset",1
"mandat",1
"ouster",1
"rehir",1
"returntooffic",1
"uneas",1
"constitu",1
"cpus",1
"deloitt",1
"technologyrel",1
"abstractboldwhat",1
"audienceboldth",1
"challengeboldincorpor",1
"conscienti",1
"implementedboldprovid",1
"incred",1
"learningboldwhat",1
"outputboldwhat",1
"pblboldhow",1
"problembas",1
"responsiblyboldwhat",1
"selfefficaci",1
"solutionsboldchatgpt",1
"stepsboldassess",1
"jetson",1
"algebra",1
"carl",1
"friedrich",1
"mathematician",1
"chose",1
"cyberhaven",1
"karanth",1
"prabhath",1
"pull",1
"tripact",1
"unintent",1
"ben",1
"canning",1
"byceo",1
"copylist",1
"ecommerceplatform",1
"firstquart",1
"inapril",1
"jassi",1
"rollingout",1
"tooffer",1
"appsinclud",1
"aren",1
"editingtool",1
"fireflyadob",1
"forgen",1
"inphotoshop",1
"offirefli",1
"paidplan",1
"recolor",1
"webappl",1
"businesstobusi",1
"cros",1
"selfservic",1
"ticket",1
"bevin",1
"carla",1
"tepper",1
"coo",1
"kompris",1
"krishna",1
"subramanian",1
"hopaa",1
"portabl",1
"everevolv",1
"bratin",1
"therapist",1
"connector",1
"prebuilt",1
"factori",1
"gestur",1
"hologram",1
"overlaid",1
"repair",1
"stepbystep",1
"figma",1
"whiteboard",1
"lima",1
"climb",1
"hill",1
"splash",1
"steep",1
"addinggen",1
"aican",1
"analyst",1
"atforrest",1
"bandwagon",1
"featuresdesign",1
"forportfolio",1
"hasreleas",1
"jumpingon",1
"margo",1
"mundanetask",1
"poweredcap",1
"unveiledit",1
"visitacion",1
"businessspecif",1
"tweak",1
"andquickbook",1
"consumersalik",1
"providerintuit",1
"quickbook",1
"smallbusi",1
"tax",1
"toall",1
"toturbotax",1
"turbotax",1
"addedgen",1
"aparticular",1
"dlp",1
"elevatingdata",1
"keepsensit",1
"omdia",1
"shimmin",1
"tobecom",1
"humanequival",1
"ideolog",1
"mutabl",1
"renegoti",1
"superintellig",1
"technicalartist",1
"thematis",1
"transhumanist",1
"impair",1
"sum",1
"brad",1
"chair",1
"smith",1
"umbrella",1
"asophist",1
"collaborationapp",1
"companydata",1
"creatoropenai",1
"deployingit",1
"ofmicrosoft",1
"theirdata",1
"withinan",1
"acontractor",1
"andunless",1
"arent",1
"aresult",1
"chatter",1
"communicationbetween",1
"spit",1
"suboptim",1
"theseday",1
"toarticul",1
"todirect",1
"cloudbas",1
"datasensit",1
"industryspecif",1
"nontechnologist",1
"reusabl",1
"multipag",1
"prescript",1
"sidekick",1
"clevel",1
"kasperski",1
"drastic",1
"parametr",1
"jco",1
"infus",1
"overhaul",1
"rayl",1
"highest",1
"beinghighest",1
"coomb",1
"instanti",1
"outstand",1
"baker",1
"bewar",1
"blatant",1
"divin",1
"grab",1
"kerfuffl",1
"pam",1
"telemetri",1
"wouldnt",1
"aienhanc",1
"entrench",1
"helen",1
"keliski",1
"headwind",1
"multibilliondollar",1
"andtwo",1
"clockin",1
"clockout",1
"midst",1
"skip",1
"aiscript",1
"languageto",1
"languagewith",1
"saysi",1
"shiftedthi",1
"steadi",1
"storylin",1
"toolth",1
"microsoftown",1
"datastax",1
"aitext",1
"detector’",1
"erron",1
"andmor",1
"aswel",1
"butther",1
"couldgain",1
"dark",1
"digitalclon",1
"inproduct",1
"notaggress",1
"thiskind",1
"toa",1
"achief",1
"apharmaceut",1
"auditor",1
"businessmodel",1
"foreach",1
"rightsay",1
"trainer",1
"zhavoronkov",1
"codewhisper",1
"cyberspaceadministr",1
"governmentsaround",1
"measuresfor",1
"providersrespons",1
"roil",1
"tocombat",1
"anyon",1
"catapult",1
"els",1
"empathet",1
"intoth",1
"limitedrespons",1
"morecomplet",1
"particularlychatgpt",1
"responseallow",1
"sentfrom",1
"someon",1
"toappear",1
"todo",1
"withoutsignific",1
"duckduckgo",1
"lineup",1
"stroke",1
"bengio",1
"commercialis",1
"dampen",1
"frothi",1
"luccioni",1
"mid",1
"obsolet",1
"outnumb",1
"outsmart",1
"sasha",1
"scrambl",1
"unsustain",1
"yoshua",1
"algorithm’",1
"ambival",1
"system’",1
"unilater",1
"genaidriven",1
"fourfold",1
"adjunct",1
"brethenoux",1
"columbia",1
"erick",1
"fusemachin",1
"illinoi",1
"linkedin",1
"maskey",1
"sameer",1
"gaigener",1
"conversationalbard",1
"doc",1
"gmail",1
"youtub",1
"commerc",1
"dearth",1
"embassi",1
"experiencebas",1
"incub",1
"minimis",1
"otherwis",1
"plssem",1
"triumph",1
"userbas",1
"arthriti",1
"inflammatori",1
"metacarpophalang",1
"psoriat",1
"swell",1
"easytous",1
"inchikey",1
"moleculegener",1
"surechembl",1
"amid",1
"desktop",1
"grenad",1
"sensei",1
"thrown",1
"revok",1
"saturday",1
"weekend",1
"brows",1
"breakneck",1
"bandi",1
"destroy",1
"atlassianintellig",1
"bemor",1
"capabilitiesthat",1
"controlof",1
"highlighta",1
"moreeffici",1
"projectbas",1
"servicebas",1
"subjectmatt",1
"tohelp",1
"withth",1
"andsecur",1
"becomemor",1
"doesnt",1
"incupertino",1
"itsinevit",1
"thesellm",1
"wing",1
"aschatgpt",1
"courtesya",1
"hardto",1
"momentcompani",1
"raft",1
"tack",1
"arecollabor",1
"asens",1
"crossorganizationaltranspar",1
"havebeen",1
"hinderwork",1
"inrec",1
"newfeatur",1
"preai",1
"todayrepres",1
"hyperscal",1
"lamda",1
"cpu",1
"ernst",1
"nextword",1
"lost",1
"smartfaq",1
"smartsuggest",1
"nongen",1
"k–",1
"ingenu",1
"harri",1
"poll",1
"dubbedsal",1
"marketingsuit",1
"twonew",1
"mdm",1
"arm",1
"howard",1
"malign",1
"phil",1
"preposter",1
"advisor",1
"haller",1
"staci",1
"feb",1
"litani",1
"pichai",1
"snap",1
"becameimport",1
"blindsid",1
"caughtmicrosoft",1
"offguard",1
"usechatgpt",1
"advantageacross",1
"chase",1
"companyresourc",1
"gird",1
"laterand",1
"netscap",1
"samekind",1
"toacquir",1
"zune",1
"rid",1
"feedforward",1
"gradient",1
"imagevideo",1
"oversmooth",1
"raini",1
"reidentif",1
"llms–gpt",1
"winner",1
"extrins",1
"human‐ai",1
"pornographi",1
"self‐express",1
"semi‐structur",1
"attun",1
"impost",1
"stark",1
"unwelcom",1
"‘aiasparticipant’",1
"biomimet",1
"depict",1
"evinc",1
"inextric",1
"interven",1
"lifesustain",1
"sensorimotor",1
"aimedi",1
"bacchi’",1
"genairel",1
"miscellan",1
"silenc",1
"student’",1
"worldlead",1
"wpr",1
"‘’s",1
"’",1
"card",1
"silicon",1
"strang",1
"aiacross",1
"chatgptapi",1
"contentcloud",1
"contentmanag",1
"helpcustom",1
"surfac",1
"appen",1
"ceospromis",1
"conferenc",1
"contextfrom",1
"forit",1
"moreflex",1
"smartcompanion",1
"todraft",1
"thisweek",1
"makersuit",1
"fastevolv",1
"interperson",1
"underway",1
"abouttool",1
"buzz",1
"calledgen",1
"companiesand",1
"directthi",1
"iterationsneed",1
"rightnow",1
"thesustain",1
"antiplagiar",1
"bucharest",1
"codewrit",1
"emul",1
"ignit",1
"politehnica",1
"scratch",1
"semest",1
"useless",1
"apicalcoron",1
"buccal",1
"buccallingu",1
"buccolingu",1
"cbct",1
"distal",1
"lingual",1
"maxillofaci",1
"mesial",1
"mesialdist",1
"mesiodist",1
"orthodontist",1
"pair",1
"periodontist",1
"pretreat",1
"cede",1
"connectionor",1
"jurist",1
"legislatur",1
"metaphys",1
"sloth",1
"stretch",1
"superfici",1
"tact",1
"vigor",1
"germanspeak",1
"twothird",1
"statut",1
"buccafusco",1
"ipil",1
"rebecca",1
"scènes",1
"tushnet",1
"genderdivers",1
"injustic",1
"noninclus",1
"ritual",1
"undo",1
"ai—ramp",1
"fearless",1
"fertil",1
"outofcontrol",1
"touchabl",1
"unsuccess",1
"apart",1
"dishonest",1
"fast‐transform",1
"knowledge‐bas",1
"multiple‐choic",1
"multisourc",1
"notwithstand",1
"short‐answ",1
"aptitud",1
"gradabl",1
"pleas",1
"portray",1
"styliz",1
"unsuit",1
"enthusiasm",1
"recept",1
"shorten",1
"aac",1
"firsthand",1
"nondispos",1
"studentcentr",1
"andrew",1
"arizona",1
"joy",1
"abrupt",1
"facet",1
"recapitul",1
"placerai",1
"crispr",1
"decentr",1
"geneedit",1
"mounjaro",1
"obes",1
"pump",1
"sicklecel",1
"wegovi",1
"hawk",1
"rdna",1
"xdna",1
"zen",1
"communist",1
"dieken",1
"glow",1
"johann",1
"julian",1
"pearl",1
"van",1
"vermeer",1
"amongst",1
"doubt",1
"prevail",1
"est",1
"fscore",1
"imagineart",1
"imperfect",1
"nonuniform",1
"pixellevel",1
"precisionrecal",1
"sensor",1
"coastal",1
"datashar",1
"dropdown",1
"geoinform",1
"gulf",1
"interdisciplinari",1
"keywordbas",1
"lms",1
"ocean",1
"sentiment",1
"userinspir",1
"flawless",1
"stabilis",1
"symbiot",1
"models—",1
"owner",1
"attorneycli",1
"utah",1
"apocalypt",1
"indiscrimin",1
"prerog",1
"fasoli",1
"induc",1
"tension’",1
"toolus",1
"virtuous",1
"‘technologyeduc",1
"auar",1
"biodivers",1
"hassel",1
"hazelwood",1
"jon",1
"matsi",1
"melbournebas",1
"mmr",1
"timber",1
"ukbas",1
"wardl",1
"lareina",1
"onethird",1
"yee",1
"nhighlight",1
"relatedacadem",1
"traininginform",1
"writingunivers",1
"microscopyrel",1
"payforservic",1
"researchrabbit",1
"bureaucraci",1
"elit",1
"interfer",1
"scale—threaten",1
"selfregul",1
"technology—",1
"teaching–learn",1
"baidu’",1
"decoupl",1
"detriment",1
"google’",1
"harbors”",1
"heavier",1
"iflytek’",1
"impos",1
"industry’",1
"lowerrisk",1
"responsibility“saf",1
"sparkdesk",1
"stipul",1
"union’",1
"user’",1
"wenxin",1
"yiyan",1
"destin",1
"occasion",1
"undeni",1
"unfound",1
"your",1
"imprecis",1
"proffer",1
"intak",1
"moiloa",1
"pelonomi",1
"comma",1
"gptgener",1
"partsofspeech",1
"postposit",1
"textgen",1
"absent",1
"departmentalprogram",1
"highimpact",1
"interinstitutionalnationalintern",1
"locallevel",1
"microcultur",1
"twelv",1
"alltim",1
"began",1
"ffere",1
"heurist",1
"mother",1
"symbol",1
"taskspecif",1
"humancentr",1
"humanfirst",1
"storytel",1
"broken",1
"concaten",1
"extractor",1
"fed",1
"fewshot",1
"foramen",1
"frechet",1
"lesser",1
"naiv",1
"obtur",1
"patch",1
"pelvi",1
"realpati",1
"timestep",1
"vanilla",1
"✕",1
"cole",1
"cross",1
"gebrus",1
"gioncarlo",1
"hadnt",1
"night",1
"struck",1
"theyv",1
"timnit",1
"tweet",1
"valentin",1
"carpo",1
"mario",1
"brainstorm",1
"enthusiast",1
"welldescrib",1
"wikipedia",1
"aswbdevelop",1
"bachelor",1
"suspend",1
"challenge”",1
"deceit",1
"deception”",1
"factcheck",1
"hitl",1
"humancent",1
"noncreat",1
"propens",1
"stylem",1
"wmd",1
"“grand",1
"“weapon",1
"clearer",1
"qualif",1
"rubric",1
"selfstudi",1
"breast",1
"corrupt",1
"fetus",1
"kidney",1
"nerv",1
"organspati",1
"prostat",1
"scan",1
"thyroid",1
"april",1
"deepagainst",1
"sensibl",1
"vocat",1
"salt",1
"analogu",1
"estrang",1
"nft",1
"nonfung",1
"surrealismai",1
"surrealist",1
"troubl",1
"hagu",1
"longtim",1
"participatori",1
"passeng",1
"southwest",1
"unclear",1
"grown",1
"relaps",1
"waw",1
"lowcod",1
"mendix",1
"dalle",1
"emissionsreduct",1
"miracl",1
"tenfold",1
"franci",1
"transfer",1
"intellect",1
"technologyen",1
"psychiatri",1
"veer",1
"directtostud",1
"learningspecif",1
"throw",1
"biocompat",1
"densiti",1
"layerbylay",1
"pore",1
"overtaken",1
"shaper",1
"christian",1
"couldnt",1
"discreet",1
"dissid",1
"innocentlook",1
"samuel",1
"sokota",1
"spi",1
"youv",1
"trepid",1
"habitu",1
"nearperfect",1
"perceivableview",1
"systems—",1
"tom",1
"vision—",1
"athen",1
"decemb",1
"fifth",1
"jurisdict",1
"law‐mak",1
"reconven",1
"roundtabl",1
"confabul",1
"dcl",1
"obfusc",1
"oct",1
"rogu",1
"cnns",1
"deconstructivist",1
"derrida",1
"geometri",1
"hidden",1
"jacqu",1
"matric",1
"midi",1
"multichannel",1
"polyphon",1
"poststructuralist",1
"rhizomat",1
"serial",1
"vae",1
"backward",1
"ddgan",1
"dipol",1
"double‐discrimin",1
"frequenc",1
"magnet",1
"multi‐objective‐ori",1
"nanoparticl",1
"narrowband",1
"re‐nam",1
"rgb",1
"spectra”",1
"ultrahigh",1
"ultrasmal",1
"well‐design",1
" nm",1
"“combin",1
"bright",1
"dewey",1
"inforg",1
"coleman–liau",1
"diep",1
"epigastr",1
"flesch–kincaid",1
"inferior",1
"perfor",1
"suitabilitywis",1
"houston",1
"los",1
"lowerincom",1
"endoscop",1
"icarsb",1
"skull",1
"abstractpurposemateri",1
"casebas",1
"gradedth",1
"higherord",1
"italicpitalic  ",1
"methodsresultsconclusionsgen",1
"noteworthi",1
"performancesansw",1
"physiologyth",1
"tutori",1
"abstractrec",1
"explanatori",1
"interfactor",1
"italicactu",1
"italicintent",1
"italicviaital",1
"mixedmethod",1
"postsurvey",1
"usefulnessital",1
"ambit",1
"chapter",1
"textbook",1
"multiproperti",1
"pharmacodynam",1
"pharmacokinet",1
"pillar",1
"smallmolecul",1
"vet",1
"dupe",1
"problemat",1
"queer",1
"racism",1
"turbo",1
"violenc",1
"induct",1
"maxqda",1
"assault",1
"chatgptfuel",1
"tactic",1
"automationa",1
"categoris",1
"contextsimpl",1
"frameworksthre",1
"gpt‐",1
"improvedadopt",1
"modelssystem",1
"peer‐review",1
"profilinglabel",1
"scoringwhat",1
"tasksth",1
"aftermath",1
"conserv",1
"covid‐",1
"hour",1
"leisur",1
"popularis",1
"refuel",1
"shorter",1
"triall",1
"worktim",1
"‐day",1
"orbi",1
"reassess",1
"revisit",1
"chatgpt‐gener",1
"dentist",1
"dichotom",1
"interv",1
"ninety‐on",1
"sixti",1
"spss",1
"twenti",1
"yesno",1
"goldsmith",1
"historian",1
"urgenc",1
"warhol",1
"nest",1
"acl",1
"bilater",1
"compart",1
"contralater",1
"elev",1
"highfidel",1
"injur",1
"ipsilater",1
"mri",1
"outofdistribut",1
"barbara",1
"biannual",1
"cochair",1
"curran",1
"genesiscar",1
"quynhthu",1
"radiotherapi",1
"theranost",1
"neurolog",1
"newspap",1
"nich",1
"academician",1
"female‐associ",1
"gender‐bias",1
"high‐stak",1
"male‐associ",1
"quasi‐experiment",1
"single‐blind",1
"spent",1
"intercellular",1
"mammal",1
"phenomenolog",1
"reentrant",1
"surviv",1
"textcentr",1
"burgeon",1
"dogma",1
"gist",1
"illus",1
"pointers”",1
"technologybas",1
"technologyenhanc",1
"tripl",1
"“biolog",1
"thirdhighest",1
"amidst",1
"adnan",1
"applaud",1
"fennessi",1
"joseph",1
"masood",1
"muchneed",1
"sweep",1
"ust",1
"cloudpow",1
"trendset",1
"coverag",1
"highdimension",1
"paywal",1
"quicker",1
"spray",1
"terminolog",1
"oldest",1
"shortterm",1
"consumptionbas",1
"generic",1
"highaccuraci",1
"meter",1
"noncoop",1
"onetoon",1
"reactiv",1
"tag",1
"catalogu",1
"dimensionless",1
"graph‐theoret",1
"learning‐bas",1
"millisecond",1
"non‐triangul",1
"parametricgen",1
"‐connect",1
"aspir",1
"closedworld",1
"confin",1
"forefront",1
"fuse",1
"realis",1
"whilst",1
"acrl",1
"ferril",1
"hosseini",1
"mohammad",1
"sts",1
"thoma",1
"neurobiolog",1
"nicotinerel",1
"rat",1
"smoke",1
"acuiti",1
"conundrum",1
"human‐lik",1
"judici",1
"biblic",1
"joe",1
"carbon",1
"emiss",1
"russel",1
"teammat",1
"hyperperson",1
"accountbas",1
"balloon",1
"cardin",1
"dysfunction‐associ",1
"epidem",1
"hepatocyt",1
"proport",1
"emit",1
"entropi",1
"ingeni",1
"penetr",1
"preferenti",1
"ration",1
"renilla",1
"synerg",1
"water",1
"engineering’",1
"ethnograph",1
"hai",1
"hci",1
"human–comput",1
"synthesis",1
"textguid",1
"‘modifiers’",1
"‘prompt",1
"ancient",1
"inexpens",1
"neanderth",1
"twentyfirst",1
"basal",1
"carcinoma",1
"preâ€train",1
"exponenti",1
"mldriven",1
"omic",1
"paratop",1
"selfsupervis",1
"subcellular",1
"unlabel",1
"overdepend",1
"postsecondari",1
"eyelid",1
"male",1
"nose",1
"pertin",1
"plethora",1
"evidencebas",1
"fester",1
"misunderstand",1
"reciproc",1
"soul",1
"bifurc",1
"cataclysm",1
"consumercentr",1
"customers’",1
"fastmov",1
"fmcg",1
"groceri",1
"inspired”",1
"lifestyl",1
"operation",1
"regen",1
"regener",1
"shopper",1
"socioeconom",1
"stressor",1
"weather",1
"“fmcg”",1
"“regenai”",1
"“tire",1
"brill",1
"germani",1
"gruyter",1
"unsur",1
"bottleneck",1
"calculationbas",1
"contentbas",1
"methodbas",1
"pairlibrari",1
"pars",1
"templatebas",1
"threelevel",1
"helixspir",1
"microfluid",1
"openscad",1
"packag",1
"serpentin",1
"tjunction",1
"valv",1
"distract",1
"sheer",1
"system”",1
"aipromot",1
"bound",1
"chatgptwhat",1
"conceptualis",1
"informationimpl",1
"literatureexpert",1
"opaqu",1
"orient",1
"technologydescrib",1
"thinkingth",1
"tracedfocus",1
"workask",1
"druggabl",1
"highconfid",1
"notebook",1
"notebooklm",1
"seal",1
"destruct",1
"aimanufactur",1
"makeavideo",1
"preced",1
"rampant",1
"texttovideo",1
"rebrand",1
"bandwidth",1
"videoconferenc",1
"nik",1
"aao",1
"bore",1
"clock",1
"complain",1
"mundan",1
"pratt",1
"technologist",1
"gtp",1
"imit",1
"pastich",1
"throught",1
"award",1
"bori",1
"crossedbett",1
"outputfing",1
"scharing",1
"toolkitsal",1
"biographi",1
"churn",1
"farm",1
"spinner",1
"atom",1
"userfriend",1
"ace",1
"cling",1
"consortia",1
"courtship",1
"deciph",1
"entiti",1
"rechavi",1
"spurious",1
"verg",1
"yovel",1
"assimil",1
"checkin",1
"emr",1
"ener",1
"httpschatopenaicom",1
"ransform",1
"subfield",1
"visit",1
"intang",1
"like‐‐lik",1
"puzzl",1
"unravel",1
"didact",1
"testimoni",1
"theorybas",1
"planet",1
"blind",1
"chatbotwritten",1
"chatgptwritten",1
"downgrad",1
"fuell",1
"postphenomenolog",1
"semistructur",1
"suspicion",1
"testinspir",1
"collegeeduc",1
"incentiv",1
"midlevel",1
"occupationspecif",1
"chatgpt—stud",1
"circumv",1
"classspecif",1
"education—",1
"exams—task",1
"misplac",1
"refocus",1
"selfreflect",1
"ungrad",1
"userprovid",1
"premis",1
"command",1
"evoc",1
"illumin",1
"infinit",1
"lift",1
"love",1
"messian",1
"obstacles—",1
"opportunities—",1
"unfinish",1
"circumst",1
"nikol",1
"bubeck",1
"datagath",1
"portend",1
"qadir",1
"selfmotiv",1
"unesco",1
"proofread",1
"toler",1
"adhoc",1
"algorithmbas",1
"casebycas",1
"costeffici",1
"disast",1
"disastr",1
"reconsid",1
"human‐machin",1
"human–human",1
"human–machin",1
"intelligenceital",1
"italiccollect",1
"unansw",1
"well‐",1
"ahistor",1
"disturb",1
"frictionless",1
"interlocutor",1
"maya",1
"nlps",1
"noncommerci",1
"poem",1
"senseless",1
"technoinstrumentalist",1
"imagingconclus",1
"imagingmethod",1
"imagingresult",1
"futureconclus",1
"futuremethod",1
"futureresult",1
"brochur",1
"counsel",1
"inquir",1
"pubm",1
"qualifi",1
"touchston",1
"urolog",1
"energyeffici",1
"fluctuat",1
"dispel",1
"creatur",1
"earth",1
"einstein",1
"extinct",1
"leg",1
"lunar",1
"remind",1
"rna",1
"roomtemperatur",1
"superconductor",1
"tile",1
"nonstor",1
"walmart",1
"artmak",1
"bibl",1
"theolog",1
"fire",1
"over",1
"pursu",1
"reappoint",1
"resign",1
"turmoil",1
"unless",1
"wellfund",1
"aicould",1
"andanthrop",1
"bymusk",1
"christen",1
"contradictori",1
"hisprevi",1
"modelbasedchatbot",1
"modelsinclud",1
"safer",1
"truenatur",1
"wasdevelop",1
"alphabetown",1
"conversationswith",1
"indexedaccident",1
"onit",1
"xto",1
"availableto",1
"companyannounc",1
"hasbegun",1
"inviteon",1
"monthmeanwhil",1
"nov",1
"toenterpris",1
"alreadyad",1
"beginningto",1
"heali",1
"kyle",1
"stripe",1
"svp",1
"theirown",1
"wasus",1
"oral",1
"reclaim",1
"unassist",1
"film",1
"unleash",1
"‘synthet",1
"conform",1
"penal",1
"tat",1
"topscor",1
"unannot",1
"varianc",1
"weaker",1
"wetlabexperi",1
"downstream",1
"kumar",1
"past…",1
"pentagon",1
"subodha",1
"super",1
"templ",1
"wasnt",1
"contentcr",1
"immens",1
"teachai",1
"checklist",1
"dose",1
"preprocedur",1
"bagofword",1
"bow",1
"copyleak",1
"designmethodologyapproach",1
"gptzero",1
"ngram",1
"originalityvalu",1
"slight",1
"studentgener",1
"svm",1
"knowledgesearch",1
"own",1
"artificialintelligenceguid",1
"exscientia",1
"patientlevel",1
"pharma",1
"philippidi",1
"universität",1
"vienna",1
"wien",1
"antagonist",1
"biomechan",1
"cerec",1
"cyclic",1
"ddeep",1
"disil",1
"fossa",1
"lithium",1
"mandibular",1
"personalis",1
"silico",1
"activitiesev",1
"blood",1
"laparoscop",1
"nonbleed",1
"occur",1
"analyticsen",1
"centerasaservic",1
"holdout",1
"tdm",1
"microinfluenc",1
"incontext",1
"homeland",1
"shock",1
"subsidi",1
"bloc",1
"swing",1
"taiwan",1
"celebr",1
"realisticlook",1
"anjali",1
"byce",1
"gamifi",1
"hey",1
"pop",1
"stl",1
"debunk",1
"bake",1
"omni",1
"trivia",1
"anddisinform",1
"aroundth",1
"contentgener",1
"encourageit",1
"fever",1
"itfrom",1
"ofchatgpt",1
"risen",1
"socialistvalu",1
"undu",1
"settingsital",1
"settingsitalicclin",1
"settingsitalicconclus",1
"settingsitalickey",1
"settingsitalicmethod",1
"settingsitalicresult",1
"contextsensit",1
"reanalyz",1
"sanit",1
"symptomatolog",1
"always—ascrib",1
"ascrib",1
"evaluators’",1
"exert",1
"folk",1
"sometimes—",1
"ntt",1
"wendi",1
"allinon",1
"cone",1
"dprint",1
"everczing",1
"massproduc",1
"print",1
"streetleg",1
"suspens",1
"vehiclesreduc",1
"wasplik",1
"anna",1
"canada",1
"maclean",1
"minzhulina",1
"liwho",1
"yearwith",1
"oversaw",1
"cobol",1
"ibm",1
"java",1
"watsonx",1
"marshmallow",1
"teambuild",1
"detach",1
"reconnect",1
"sport",1
"peter",1
"pezari",1
"relic",1
"stat",1
"businessreadi",1
"outlet",1
"habit",1
"illicit",1
"gcse",1
"retent",1
"rsb",1
"rsbs",1
"bradshaw",1
"campbel",1
"chairman",1
"internship",1
"piper",1
"practica",1
"samantha",1
"sis",1
"coughlin",1
"diego",1
"extremist",1
"shaun",1
"stresstest",1
"violent",1
"dede",1
"fellow",1
"georgia",1
"gilman",1
"gwinnett",1
"harvard",1
"joni",1
"secking",1
"antibodi",1
"antik",1
"jan",1
"annemari",1
"bee",1
"beehiv",1
"denni",1
"dollenss",1
"formfind",1
"guerrilla",1
"lineag",1
"logicdesign",1
"maess",1
"occup",1
"phenomena",1
"sculptur",1
"attentionrecognit",1
"demon",1
"facto",1
"hayl",1
"humanista",1
"katherin",1
"nonconsci",1
"personifi",1
"postphenomomenolo",1
"reductionist",1
"reenact",1
"simulacra",1
"unconsci",1
"unproduct",1
"brown",1
"mastodon",1
"pasteuris",1
"pin",1
"redesign",1
"tab",1
"vivaldi",1
"sarah",1
"silverman",1
"westlawnext",1
"advocaci",1
"upskil",1
"bigger",1
"bob",1
"iger",1
"walt",1
"aisaid",1
"authenticitycpa",1
"beus",1
"coalit",1
"fromth",1
"howgen",1
"marino",1
"nothingon",1
"ofeth",1
"ondevelop",1
"principalproduct",1
"reviewsemtech",1
"sucha",1
"abroad",1
"academiamust",1
"andknowledgedevelop",1
"answerquest",1
"bannedchatbot",1
"fearsstud",1
"sheehan",1
"toolsexpert",1
"unauthenticand",1
"usingchatbot",1
"aihors",1
"aithi",1
"barn",1
"greatestconcern",1
"mostanyth",1
"putforward",1
"slowdown",1
"thedevelop",1
"appsmicrosoft",1
"calledbusi",1
"capabilitiesand",1
"companyintroduc",1
"intelligenceai",1
"thewild",1
"toautom",1
"chatgptwhich",1
"havebegun",1
"sirith",1
"theoxygen",1
"toosurpris",1
"whisper",1
"mckinley",1
"battl",1
"gush",1
"siegl",1
"thick",1
"wade",1
"bevi",1
"bulli",1
"twomonth",1
"underag",1
"vacat",1
"curti",1
"dear",1
"famili",1
"langlotz",1
"precipic",1
"accuracycorrect",1
"chattgpt",1
"modelbas",1
"quot",1
"romanian",1
"sistemantiplagiatro",1
"payment",1
"recap",1
"keyfram",1
"static",1
"android",1
"inabl",1
"slower",1
"supplier",1
"workstat",1
"bypass",1
"circul",1
"deni",1
"downplay",1
"nude",1
"hyperimmers",1
"instagram",1
"brighter",1
"visiono",1
"flout",1
"italian",1
"nadella",1
"satya",1
"headcount",1
"salari",1
"selftrain",1
"computerrel",1
"monetari",1
"wef",1
"worsen",1
"midsiz",1
"smb",1
"techsavvi",1
"canivoteorg",1
"electionrel",1
"icon",1
"redirect",1
"fitbit",1
"laid",1
"pixel",1
"conceal",1
"reemploy",1
"setback",1
"temporari",1
"assert",1
"inconsist",1
"middlewar",1
"simplesafetytest",1
"silent",1
"custombuilt",1
"monet",1
"searchabl",1
"shareabl",1
"solver",1
"storefront",1
"usercr",1
"aiaugment",1
"deliveryindefinit",1
"eprocur",1
"indefinit",1
"longerterm",1
"omnia",1
"shortfal",1
"statewid",1
"saa",1
"adept",1
"ashish",1
"fullstack",1
"heavyweight",1
"niki",1
"parmar",1
"stealth",1
"vaswani",1
"meantim",1
"aifocus",1
"disguis",1
"drake",1
"singer",1
"sleev",1
"weeknd",1
"asic",1
"nano",1
"tpu",1
"crush",1
"piecem",1
"reactionari",1
"ruler",1
"lifethreaten",1
"vaccin",1
"springer",1
"followup",1
"nonspecif",1
"accumul",1
"genomicwid",1
"genotyp",1
"largerscal",1
"methodprocess",1
"predictor",1
"purposesignific",1
"resultsconclus",1
"singlecel",1
"computerisationhominis",1
"designership",1
"digitalis",1
"digitalon",1
"donna",1
"haraway",1
"liimatainen",1
"matti",1
"metaphor",1
"reprofessionalis",1
"eloundou",1
"tyna",1
"existenti",1
"orthographi",1
"phonolog",1
"slps",1
"speechlanguag",1
"cheater",1
"kotran",1
"helpmat",1
"cod",1
"halamka",1
"mayo",1
"blackmag",1
"davinci",1
"postproduct",1
"premier",1
"deafen",1
"downsid",1
"forth",1
"machineri",1
"casdcbcmxotfaguryd",1
"hasti",1
"hopkin",1
"kichenadass",1
"logan",1
"paradigmshift",1
"typifi",1
"demonstrandum",1
"erat",1
"intract",1
"lee",1
"nasal",1
"neurectomi",1
"posterior",1
"quod",1
"rhiniti",1
"allostat",1
"angular",1
"bold",1
"cooccur",1
"dispos",1
"dodvarecommend",1
"dorsolater",1
"fluoxetin",1
"fulltext",1
"motor",1
"ordnanc",1
"osrel",1
"overload",1
"pharmacotherapi",1
"posttraumat",1
"precentr",1
"prefront",1
"premotor",1
"prolong",1
"rulebas",1
"sequela",1
"ssri",1
"syndrom",1
"traumat",1
"≥",1
"administ",1
"bottom",1
"furious",1
"invari",1
"ai‐en",1
"counter‐forens",1
"deniabl",1
"fingerprint",1
"large‐scal",1
"long‐term",1
"privacyalgorithm",1
"subtl",1
"undercommerci",1
"verisimilitud",1
"algorithmii",1
"mpnsgaii",1
"netowork",1
"non",1
"pareto",1
"rotat",1
"stiff",1
"ai’",1
"cannon",1
"oversold",1
"precursor",1
"world’",1
"‘gener",1
"‘real",1
"’s",1
"audiodriven",1
"auditori",1
"diffusionbas",1
"httpsdanbigioigithubiodiffusionvideoedit",1
"intermedi",1
"jaw",1
"lip",1
"mel",1
"multispeak",1
"resynchronis",1
"singlespeak",1
"speechcondit",1
"speechdriven",1
"synchronis",1
"antitarget",1
"cotarget",1
"multitarget",1
"pharmacolog",1
"preselect",1
"proteochemometr",1
"proteomewid",1
"redefin",1
"serendipit",1
"dismisinform",1
"generation—",1
"genres—genr",1
"polar",1
"rhetor",1
"twopart",1
"dcgan",1
"hgan",1
"iou",1
"prp",1
"angiogram",1
"colour",1
"ffa",1
"ffa‐styl",1
"fluorescein",1
"ischemia",1
"microaneurysm",1
"neovascular",1
"pairwis",1
"clarifi",1
"ahpbas",1
"aigcbas",1
"aigcempow",1
"cleaner",1
"harmoni",1
"household",1
"intelligencegener",1
"midjourneybas",1
"vacuum",1
"conjoint",1
"freeform",1
"graphbas",1
"hong",1
"kong",1
"nonweight",1
"syntax",1
"humancomputergener",1
"estat",1
"longitudin",1
"twowav",1
"benjamin",1
"corporatedriven",1
"famous",1
"magnifi",1
"oligarch",1
"rethink",1
"meadow",1
"track",1
"ide",1
"networkrel",1
"troubleshoot",1
"chunk",1
"breakdown",1
"departur",1
"emmett",1
"sudden",1
"twitch",1
"safetytest",1
"fab",1
"fasterthanexpect",1
"ireland",1
"leixlip",1
"born",1
"michael",1
"sean",1
"commissionsec",1
"forcharg",1
"goalsa",1
"ofit",1
"oflayoff",1
"restructur",1
"revenuegrowth",1
"technologieslik",1
"thefourth",1
"toalign",1
"availableinform",1
"currentev",1
"directaccess",1
"groundbreakinggen",1
"informationfrom",1
"oneof",1
"barrat",1
"behindthescen",1
"georg",1
"knife",1
"medit",1
"memoir",1
"murder",1
"stephanopoulo",1
"gillett",1
"stephen",1
"verili",1
"aimodel",1
"aisystem",1
"atth",1
"blake",1
"expertwork",1
"hazardousaccord",1
"kathleen",1
"maketheir",1
"modeloutput",1
"muchdecisionmak",1
"underlyingtrain",1
"alpha",1
"apa",1
"congress",1
"elsevi",1
"hebrew",1
"researchg",1
"abid",1
"csm",1
"friction",1
"nimbl",1
"autodesk",1
"singletask",1
"conglomer",1
"hunyuan",1
"sensetim",1
"stake",1
"tencent",1
"computerworldpos",1
"trachet",1
"misalign",1
"trail",1
"asemploye",1
"donot",1
"highlightinghow",1
"likelyto",1
"matur",1
"ofartifici",1
"recentpew",1
"surethos",1
"termin",1
"theemploye",1
"thepotenti",1
"theyfear",1
"bigdata",1
"cadenc",1
"cockpit",1
"frontend",1
"registertransferlevel",1
"airobot",1
"anyth",1
"guy",1
"intelligence”",1
"intersubject",1
"theorist",1
"“swarm",1
"grip",1
"marketit",1
"microsoftinvest",1
"timesav",1
"agil",1
"cgen",1
"humil",1
"reviv",1
"socialmedia",1
"hunger",1
"erni",1
"reignit",1
"superapp",1
"unpublish",1
"wakeup",1
"andrey",1
"doronichev",1
"weapon",1
"clone",1
"electricalimpuls",1
"interrelationship",1
"agerel",1
"consortai",1
"degener",1
"diabet",1
"dlss",1
"glaucoma",1
"hea",1
"macular",1
"ocular",1
"ophthalm",1
"prudent",1
"rop",1
"stardai",1
"unfavor",1
"antibiot",1
"deceiv",1
"oran",1
"presidenti",1
"radio",1
"repertori",1
"wellstructur",1
"withinsubject",1
"awkward",1
"contextappropri",1
"contextbas",1
"fusionbas",1
"transformersbas",1
"arenicolit",1
"bestexpos",1
"bolzano",1
"caldera",1
"cisuralian",1
"concentricallylin",1
"curvatur",1
"cylindrichnus",1
"ichnolog",1
"infaun",1
"infauna",1
"invertebr",1
"larva",1
"megacaldera",1
"nutrientrich",1
"palaeoecolog",1
"palaeoecosystem",1
"palaeophycus",1
"peculiar",1
"planolit",1
"pond",1
"proxi",1
"rock",1
"rselect",1
"rstrateg",1
"softground",1
"stasi",1
"terrestri",1
"tracemak",1
"ushap",1
"volcanicallyinfluenc",1
"volcanicallystress",1
"volcanoclast",1
"zero",1
"affili",1
"chatgptbardb",1
"llmpower",1
"nonprob",1
"psychiatr",1
"ten",1
"glimps",1
"marketplac",1
"viewership",1
"degen",1
"reorder",1
"alexand",1
"reben",1
"clova",1
"exaon",1
"jasmin",1
"naver",1
"telecommun",1
"ame",1
"strengthsbas",1
"well”",1
"wrong”",1
"asian",1
"browswer",1
"labsin",1
"origgetti",1
"outsideth",1
"searchexperi",1
"usto",1
"viagoogl",1
"addon",1
"beaten",1
"eachmonth",1
"inslid",1
"itsduet",1
"meetgoogl",1
"sourcedocu",1
"tomarket",1
"workplaceproduct",1
"aichatbot",1
"chatgptnatur",1
"experiencewith",1
"freelanc",1
"imageprocess",1
"jobpost",1
"likechatgpt",1
"newstudi",1
"torethink",1
"totheir",1
"upwork",1
"adavanc",1
"unsurpris",1
"andiron",1
"aregrow",1
"arespend",1
"bperform",1
"bya",1
"continuedai",1
"employerand",1
"stier",1
"tasksthes",1
"tounlock",1
"weve",1
"aistyl",1
"durham",1
"keystrok",1
"macbook",1
"sleuth",1
"vocal",1
"applegpt",1
"constel",1
"llmbase",1
"widelyus",1
"arespons",1
"asth",1
"clearguidelin",1
"comnent",1
"consumerprotect",1
"falsestat",1
"givedetail",1
"investigatingchatgpt",1
"privacyissu",1
"dataprivaci",1
"euresid",1
"afeder",1
"decid",1
"fromplaintiff",1
"functionwithout",1
"incalifornia",1
"infringingderiv",1
"misappropriatingperson",1
"northern",1
"thatcas",1
"thechatgpt",1
"themth",1
"whetherth",1
"berkowitz",1
"traction",1
"anat",1
"answeredwith",1
"chrome",1
"imageoperaopera",1
"languageprocess",1
"makeov",1
"makeoverof",1
"namesak",1
"operaopera",1
"querri",1
"went",1
"aiml",1
"amultitud",1
"anyperson",1
"datafor",1
"dharnidarka",1
"explainedvardhan",1
"howthey",1
"productivityfor",1
"segmentedbi",1
"togener",1
"cold",1
"collaborationsoftwar",1
"communicationen",1
"divert",1
"enableemploye",1
"hasexist",1
"headach",1
"knowledgeacross",1
"needto",1
"productivework",1
"shiniest",1
"acomplet",1
"euus",1
"presidentmargreth",1
"sweden",1
"technologycouncil",1
"thepolici",1
"tointroduc",1
"ttc",1
"vestag",1
"waspublish",1
"withlegisl",1
"autocorrel",1
"crossfeatur",1
"eyegaz",1
"faith",1
"cybereth",1
"cybertechnolog",1
"explic",1
"instil",1
"lifelong",1
"nonmalefic",1
"woven",1
"arduous",1
"learnabl",1
"rarer",1
"vers",1
"humanist",1
"underserv",1
"frameworka",1
"herein",1
"hightemperatur",1
"kinet",1
"recrystal",1
"temperatur",1
"disconnect",1
"downturn",1
"replika",1
"youcom",1
"bandlab",1
"boomi",1
"musician",1
"recordedmus",1
"songstart",1
"asiapacif",1
"ukrain",1
"richard",1
"susskind",1
"glitch",1
"reluct",1
"customercentr",1
"persuad",1
"supercharg",1
"uselect",1
"arxivorgab",1
"camill",1
"coupri",1
"multin",1
"mace",1
"layer",1
"animagin",1
"isgo",1
"itsneg",1
"mediato",1
"theappl",1
"theon",1
"wari",1
"wozniak",1
"anorgan",1
"apaid",1
"appsuit",1
"asa",1
"dataheld",1
"deliverrelev",1
"isrol",1
"addingthat",1
"amann",1
"andai",1
"bead",1
"byingest",1
"catalog",1
"companysexperi",1
"datamanag",1
"enterprisedatabas",1
"walia",1
"adjust",1
"lastminut",1
"mep",1
"provision",1
"klarna",1
"likemind",1
"sandström",1
"corpus",1
"worldview",1
"intech",1
"oxygen",1
"whispersof",1
"andsummar",1
"customerscr",1
"forbusi",1
"generallyavail",1
"generatemarket",1
"bluecollar",1
"casino",1
"cocktail",1
"detroit",1
"dispens",1
"hotel",1
"hotso",1
"housekeep",1
"mgm",1
"michigan",1
"farhadi",1
"upgrad",1
"languagegener",1
"admet",1
"aigen",1
"ampk",1
"anticanc",1
"antiinflamm",1
"bind",1
"decent",1
"glpg",1
"hit",1
"potenc",1
"saltinduc",1
"sar",1
"intermediatescal",1
"nearterm",1
"nisq",1
"noisi",1
"constern",1
"front",1
"redoubl",1
"highpay",1
"athlet",1
"endors",1
"imagemak",1
"andreessen",1
"horowitz",1
"king",1
"roblox",1
"ubisoft",1
"nosens",1
"jersey",1
"marian",1
"mazzon",1
"rutger",1
"buri",1
"curtain",1
"immin",1
"inperson",1
"inthat",1
"isuspect",1
"makingit",1
"prais",1
"spell",1
"tamethough",1
"bipartisan",1
"voluntari",1
"washington",1
"manifest",1
"wheel",1
"objectcentr",1
"objects—",1
"overarch",1
"paradigmat",1
"physicsbas",1
"symboliccontinu",1
"defcon",1
"las",1
"nevada",1
"ruin",1
"vega",1
"creationcap",1
"denial",1
"shoe",1
"unscript",1
"cotescu",1
"georgi",1
"irishacc",1
"marius",1
"pronunci",1
"tinchev",1
"ada",1
"bennett",1
"francin",1
"lovelac",1
"bay",1
"eager",1
"franciso",1
"left",1
"circl",1
"grammat",1
"irrelev",1
"opac",1
"outright",1
"rosshellau",1
"tennant",1
"betterfast",1
"cameron",1
"competitionwith",1
"forjam",1
"hack",1
"longpromisedtechnolog",1
"movi",1
"musclesthat",1
"navi",1
"ofwat",1
"quitearr",1
"togiv",1
"weta",1
"whichunlik",1
"authorit",1
"depth",1
"flavor",1
"theater",1
"argentina",1
"gdp",1
"grew",1
"gross",1
"tighten",1
"businessman",1
"donald",1
"fox",1
"settlement",1
"steal",1
"trump",1
"truthgpt",1
"vote",1
"chipmak",1
"minefield",1
"brace",1
"ganbas",1
"pixpix",1
"pixpixhd",1
"retir",1
"guild",1
"mimick",1
"screenplay",1
"kendra",1
"schaefer",1
"trivium",1
"californiabas",1
"schillac",1
"runway",1
"capitalist",1
"dust",1
"langchain",1
"mismatch",1
"marker",1
"microscop",1
"nanoggreen",1
"nucleus",1
"overlaidphas",1
"sclike",1
"undifferenti",1
"welldefin",1
"ethan",1
"mallick",1
"flashcard",1
"globalloc",1
"mnp",1
"neighborhood",1
"quantifi",1
"tdistribut",1
"umap",1
"asphalt",1
"ignor",1
"twodimension",1
"asr",1
"interoper",1
"retrievalbas",1
"altarelliparisi",1
"carlo",1
"constrain",1
"dglapbas",1
"electronnucleus",1
"energymomentum",1
"fourvector",1
"heavyion",1
"highenergi",1
"mont",1
"nonperturb",1
"perturb",1
"physicsawar",1
"qcd",1
"recurr",1
"overreli",1
"fishbowl",1
"fret",1
"nes",1
"baltimorebas",1
"biotechnolog",1
"computertest",1
"allord",1
"cluster",1
"kilgour",1
"sidestep",1
"substanc",1
"toymodel",1
"axial",1
"funder",1
"prisma",1
"springboard",1
"sub",1
"annie’",1
"‘call",1
"anai",1
"artistsinstead",1
"canvas",1
"crazi",1
"itsown",1
"newbrush",1
"palett",1
"winter",1
"defam",1
"imperson",1
"innoc",1
"uneth",1
"rutkowski",1
"win",1
"humancur",1
"humanlevel",1
"physicallybas",1
"nyc",1
"signifi",1
"usercentr",1
"userguid",1
"userspecif",1
"bayesian",1
"bioavail",1
"resourceintens",1
"vivo",1
"acid",1
"amino",1
"assay",1
"bacterium",1
"sugar",1
"tast",1
"viabl",1
"abandon",1
"alia",1
"annex",1
"brussel",1
"counter",1
"diametr",1
"dichotomi",1
"faultbas",1
"foreseen",1
"halfheart",1
"harbour",1
"harmon",1
"illegitim",1
"illegitimateharm",1
"inter",1
"jumpstart",1
"liabl",1
"muchanticip",1
"narrowli",1
"nondiscrimin",1
"nonhighrisk",1
"rebutt",1
"reject",1
"rest",1
"sai",1
"substant",1
"unavoid",1
"unjustifi",1
"unsolv",1
"vehicl",1
"christi",1
"edmond",1
"famill",1
"obvious",1
"portrait",1
"autopoiesi",1
"bioarchitectur",1
"biocomput",1
"bioremedi",1
"biosemiot",1
"botan",1
"datainsight",1
"echo",1
"littleknown",1
"maturana",1
"morphogenet",1
"provoc",1
"reactiondiffus",1
"varela",1
