,Human AI Interaction,Generative AI and Learning,AI Learning,AI Development and Policy,Conversational AI,Large Language Models,Image Generation Models,Corporate AI,AI Education and Ethics,AI Discussion
1,human,design,report,generat,chatgpt,generat,model,compani,technolog,articl
2,work,generat,generat,develop,use,use,data,microsoft,educ,artifici
3,system,â€¢,potenti,content,generat,llms,generat,genai,research,intellig
4,creativ,propos,model,openai,tool,languag,imag,product,student,generat
5,intellig,learn,gpt,technolog,provid,review,train,googl,learn,includ
6,task,approach,studi,industri,inform,author,use,user,need,discuss
7,art,develop,languag,risk,respons,chatgpt,algorithm,new,use,focus
8,machin,method,aigener,regul,chatbot,write,network,assist,adopt,impact
9,artifici,new,clinic,year,text,level,creat,custom,ethic,topic
10,use,structur,larg,increas,question,intellig,detect,busi,practic,potenti
